epoch,precision,recall,f1,ap50,ap75,map50_95,loss_bpdd,bpdd_active_edge_ratio,ra_glgm_gradient_norm,epoch_wall_seconds
1,0.30069,0.00485,0.009546026706814165,4e-05,1.824817518248175e-07,1e-05,0.00018096565327141434,0.2941342890262604,0.04518949240446091,699.057
2,0.01877,0.03136,0.023484029523239577,0.00396,0.00016704650349164333,0.00112,0.0005129975616000593,0.36070477962493896,0.10513350367546082,527.045
3,0.15963,0.09919,0.12235298431342245,0.0244,0.008287114856560121,0.01072,0.013141642324626446,0.5118248462677002,0.2033137083053589,488.476
4,0.19547,0.14,0.1631490148150356,0.04888,0.02187865565476058,0.02384,0.04366658255457878,0.545362114906311,0.16329097747802734,477.523
5,0.13491,0.17141,0.1509853950117524,0.07325,0.037227281205830125,0.03874,0.06301149725914001,0.556222677230835,0.18713723123073578,466.925
6,0.1743,0.19555,0.18431453291875086,0.10414,0.05355768980667909,0.05636,0.03293854370713234,0.56576007604599,0.24243994057178497,483.274
7,0.20318,0.23311,0.21711838364390657,0.12854,0.06880003273159818,0.07104,0.04894161596894264,0.5728181004524231,0.1893826425075531,614.843
8,0.23186,0.24699,0.2391859722251227,0.15719,0.08004379816080995,0.0854,0.0411420539021492,0.5811870694160461,0.11909829080104828,467.361
9,0.25703,0.24898,0.25294096717456177,0.17048,0.09375303553979893,0.09587,0.06286527961492538,0.5795592069625854,0.25133681297302246,602.0
10,0.27188,0.27465,0.27325798034874577,0.19495,0.10789430848128563,0.10971,0.03963010758161545,0.5899771451950073,0.20222263038158417,497.078
11,0.29336,0.284,0.28860412913953165,0.20968,0.11452227256416256,0.11796,0.04189804196357727,0.5842680931091309,0.2900928556919098,569.019
12,0.30427,0.30038,0.302312486893244,0.22086,0.12244209166599189,0.12511,0.06117953360080719,0.586919367313385,0.1657497137784958,488.226
13,0.32123,0.30288,0.3117852378587109,0.2335,0.1299452888086521,0.13224,0.07867040485143661,0.589586079120636,0.16499678790569305,457.186
14,0.3555,0.31415,0.33354834615097434,0.25399,0.1421299217520265,0.14457,0.05167790874838829,0.5878099203109741,0.23343093693256378,489.738
15,0.35424,0.32114,0.33687889365986556,0.26444,0.1522367566957588,0.15357,0.04376555234193802,0.5893421769142151,0.20739895105361938,475.776
16,0.38083,0.32851,0.35274047226999744,0.27754,0.16078910111445138,0.16154,0.05723011866211891,0.5887495279312134,0.2746056914329529,492.898
17,0.39131,0.34542,0.3669357843443324,0.29202,0.16642270554342378,0.16825,0.09282045066356659,0.5869539976119995,0.37309592962265015,463.112
18,0.39905,0.34749,0.37148949687893484,0.30348,0.17576445917070466,0.17577,0.0830112025141716,0.587563693523407,0.4016032814979553,473.821
19,0.41837,0.35255,0.3826501932755668,0.31157,0.1782947392685869,0.1808,0.10372360050678253,0.5886015295982361,0.44031181931495667,457.315
20,0.42004,0.35779,0.3864240556419783,0.31484,0.18267894451210384,0.18341,0.07007812708616257,0.5924437642097473,0.5011268258094788,462.763
21,0.41374,0.37509,0.39346814041048134,0.33244,0.1897848117605607,0.19209,0.046763308346271515,0.5898067355155945,0.5307720899581909,463.248
22,0.41954,0.37206,0.3943760798383022,0.32987,0.19123997572260212,0.19341,0.06309650838375092,0.5926649570465088,0.5942304730415344,494.701
23,0.43675,0.37837,0.40546937260771415,0.33983,0.1997397118167009,0.19946,0.09262062609195709,0.5905959010124207,0.7177187204360962,460.092
24,0.44715,0.38334,0.4127936061843009,0.34793,0.2012309672499828,0.20318,0.06905408203601837,0.5913283228874207,0.9332849383354187,460.455
25,0.45329,0.39658,0.4230429317425018,0.36196,0.2098314052114676,0.21098,0.1110234409570694,0.5930904746055603,0.9951213002204895,477.695
26,0.45886,0.39591,0.425067006563169,0.36046,0.21171243360457948,0.21186,0.03952641040086746,0.5914061665534973,0.9951851963996887,496.599
27,0.46006,0.39422,0.42460283092194595,0.36674,0.21500902811275338,0.21484,0.0829966813325882,0.5938034057617188,1.289773941040039,622.045
28,0.46937,0.3993,0.43150895276687345,0.37667,0.22215881467803156,0.22215,0.12039210647344589,0.5945900082588196,1.204405426979065,486.032
29,0.47236,0.39923,0.43272704551451946,0.3734,0.22174515827085356,0.21998,0.07420682907104492,0.5953314900398254,1.2269376516342163,511.761
30,0.48773,0.40714,0.4438061220065484,0.38913,0.22833261874611396,0.22849,0.033221255987882614,0.5943940877914429,1.121566891670227,596.11
31,0.48634,0.41364,0.44705366252583395,0.38322,0.22802115939355666,0.22595,0.07246755808591843,0.5928587317466736,1.3295551538467407,486.851
32,0.49572,0.41818,0.4536605527957107,0.39778,0.2339075363661413,0.23429,0.04722384363412857,0.5937132239341736,1.2451481819152832,594.554
33,0.48856,0.42319,0.45353157422539075,0.39716,0.23490176546075703,0.23496,0.049118779599666595,0.5908072590827942,1.2665601968765259,485.037
34,0.49214,0.4135,0.44940570204496266,0.39384,0.23438018003203537,0.23288,0.06745645403862,0.5944504141807556,1.652005910873413,623.377
35,0.4973,0.42659,0.45923910205760426,0.40304,0.2366017589300768,0.23735,0.0718403160572052,0.5908983945846558,1.50928795337677,488.599
36,0.49327,0.42624,0.4573118395667257,0.40112,0.23851586305281125,0.23667,0.07764828950166702,0.5915181040763855,1.2394062280654907,483.487
37,0.49137,0.42978,0.4585159824132877,0.40723,0.24346513952932333,0.24158,0.03915446996688843,0.5903812050819397,1.4328644275665283,477.593
38,0.51076,0.42573,0.46438478745101386,0.40893,0.24332917739898274,0.24243,0.045239463448524475,0.5914615392684937,2.0172386169433594,529.48
39,0.51291,0.43056,0.4681410741200038,0.41547,0.25104229199758743,0.24753,0.08631841838359833,0.5896799564361572,1.8286620378494263,483.137
40,0.51115,0.43695,0.4711464877122667,0.41632,0.24819095240084926,0.24682,0.05841219425201416,0.5902743339538574,2.237333297729492,491.076
41,0.51412,0.43888,0.4735298753410283,0.4233,0.2523500692864319,0.25105,0.05510014295578003,0.5905702114105225,2.262448310852051,512.709
42,0.52201,0.43941,0.47716172765284687,0.42355,0.2527022868230747,0.25119,0.059267040342092514,0.5907226204872131,1.5685731172561646,459.96
43,0.51801,0.4427,0.4774032267801938,0.42517,0.25381517863785347,0.25269,0.08417770266532898,0.5896408557891846,1.9417668581008911,461.439
44,0.53079,0.43975,0.4810000669730253,0.42717,0.2587843331725135,0.25417,0.08510230481624603,0.5876802206039429,2.0064122676849365,640.663
45,0.53437,0.4424,0.4840551777798254,0.43052,0.2590364197879349,0.2566,0.044189147651195526,0.5895611643791199,1.7328749895095825,463.403
46,0.52848,0.44971,0.48592347253601037,0.43325,0.26009336002206795,0.25871,0.056454114615917206,0.5867529511451721,2.0764496326446533,583.452
47,0.52806,0.44898,0.48531969786293294,0.43764,0.263082270398686,0.26001,0.0637248232960701,0.5880773663520813,3.544529914855957,505.705
48,0.53172,0.44962,0.4872357111704404,0.43502,0.2632319823195083,0.26012,0.10720597952604294,0.5883379578590393,1.4592866897583008,596.583
49,0.54384,0.44614,0.4901690490716984,0.44222,0.26470439652046573,0.26317,0.06263794749975204,0.5873857140541077,2.2616238594055176,584.663
50,0.54038,0.45444,0.4936979296757202,0.44037,0.2669372510746497,0.26438,0.09218736737966537,0.5856603980064392,1.9451210498809814,614.553
51,0.53712,0.45765,0.49421065773998013,0.4468,0.26952370078676935,0.26722,0.03767462447285652,0.587778627872467,2.0973026752471924,483.311
52,0.54649,0.45356,0.49570722343882806,0.44835,0.2711467836161698,0.26826,0.06644485890865326,0.5846303701400757,2.5429131984710693,589.219
53,0.53983,0.45216,0.4921209544451053,0.4425,0.2684157441251108,0.26566,0.05257878825068474,0.5852646827697754,2.146544933319092,493.741
54,0.5393,0.46222,0.4977938453550603,0.44885,0.2695930795814541,0.26864,0.04379423335194588,0.5857158303260803,2.517455577850342,603.31
55,0.54083,0.46839,0.5020101934166981,0.45194,0.2744732085904509,0.27071,0.040298812091350555,0.5841541290283203,2.3814170360565186,546.382
56,0.5461,0.46169,0.5003600134948749,0.45154,0.27436931955202737,0.26998,0.0758185014128685,0.5827881693840027,2.4543373584747314,587.19
57,0.54372,0.46948,0.503880113699171,0.4537,0.276543584326343,0.27323,0.050782714039087296,0.5822257995605469,2.544801950454712,581.624
58,0.54539,0.47218,0.506151419951453,0.4589,0.2798469686609303,0.2759,0.06858410686254501,0.5786186456680298,2.718243360519409,591.091
59,0.54362,0.47136,0.5049177780842973,0.45663,0.27819287120571456,0.2742,0.07041703909635544,0.5799614787101746,2.7600443363189697,567.255
60,0.5405,0.47054,0.5030995212850135,0.45808,0.2799249318846607,0.27515,0.05247625336050987,0.5781254768371582,2.8136634826660156,558.516
61,0.5447,0.46873,0.5038675211904127,0.45699,0.2816506447685652,0.27488,0.04937335476279259,0.5786586403846741,2.9014694690704346,475.053
62,0.54901,0.47411,0.5088183812260535,0.45991,0.28117224631934157,0.27702,0.03864379599690437,0.5751726031303406,2.852801561355591,583.36
63,0.55391,0.47722,0.5127131015487862,0.46083,0.278073409923429,0.27584,0.07492725551128387,0.5747112035751343,2.877228021621704,562.613
64,0.56313,0.46968,0.5121772608708282,0.46219,0.28197379867251515,0.27778,0.04907428100705147,0.5731680989265442,3.3656210899353027,604.816
65,0.55912,0.48084,0.517033848994192,0.46629,0.2831697019310745,0.27962,0.05405328795313835,0.573017418384552,2.7255494594573975,589.469
66,0.55943,0.48,0.5166801035182745,0.46758,0.2831907551896979,0.28059,0.03027379885315895,0.5722683668136597,3.219118356704712,481.598
67,0.55933,0.47686,0.5148131207597063,0.46622,0.28285997086861076,0.2798,0.07941155880689621,0.5723603367805481,4.250041484832764,467.575
68,0.56575,0.47258,0.5149848988279256,0.46727,0.2862678019812835,0.28111,0.09390522539615631,0.5723441243171692,3.1886136531829834,458.053
69,0.56011,0.4811,0.5176072473372327,0.47085,0.28832869141295536,0.2832,0.037060633301734924,0.5692055225372314,2.8906121253967285,463.908
70,0.55239,0.48608,0.5171179354242299,0.46639,0.28476990240395483,0.28016,0.04855235293507576,0.5668466091156006,3.5445609092712402,461.462
71,0.56449,0.48158,0.5197493364688788,0.47089,0.285741199560036,0.28194,0.023006780073046684,0.5684492588043213,2.8724355697631836,461.816
72,0.56994,0.47478,0.5180260992419021,0.47085,0.286228894997808,0.28208,0.09698615968227386,0.5646013021469116,3.486910820007324,460.661
73,0.56801,0.4783,0.5193091588534946,0.47258,0.2836755925836098,0.28184,0.07840162515640259,0.5661208033561707,3.2390599250793457,460.97
74,0.56954,0.48058,0.5212919155905992,0.47147,0.28766079039546233,0.28282,0.030277805402874947,0.5644463300704956,3.546377658843994,460.526
75,0.56343,0.48027,0.5185369859154929,0.47215,0.28600943853257627,0.28275,0.07642709463834763,0.563468337059021,4.26361083984375,458.236
76,0.56489,0.48362,0.5211053815414254,0.47148,0.2872912966273643,0.28306,0.02358492836356163,0.559108555316925,3.3038077354431152,453.908
77,0.56776,0.48317,0.522060649519949,0.47181,0.28643359906329957,0.28244,0.04816826805472374,0.5614700317382812,3.742946147918701,456.879
78,0.56835,0.48147,0.5213150340058297,0.47366,0.28966675800573816,0.28457,0.09610408544540405,0.5595937371253967,3.7216310501098633,457.832
79,0.56558,0.48524,0.5223388195885119,0.47479,0.28759408913813017,0.28427,0.026439296081662178,0.5580453872680664,4.0712571144104,453.705
80,0.56076,0.48959,0.5227638185366782,0.47447,0.2909410844610044,0.28537,0.02564665675163269,0.5568972826004028,3.8920793533325195,456.712
81,0.5606,0.49112,0.523564964058875,0.47814,0.28913519198176185,0.28619,0.027250638231635094,0.5543289184570312,4.9718475341796875,459.43
82,0.57705,0.48355,0.5261786300207429,0.47714,0.2913612707126014,0.28572,0.03522936999797821,0.5521048307418823,3.4763097763061523,589.233
83,0.57172,0.48944,0.5273900953673337,0.47741,0.29297217863178593,0.28669,0.016174286603927612,0.551841139793396,3.732898235321045,504.351
84,0.57668,0.4861,0.5275299648092737,0.47705,0.29115475860990364,0.28586,0.027685996145009995,0.5525577664375305,3.9275333881378174,616.543
85,0.57098,0.48924,0.5269590371809624,0.4783,0.2902104073938563,0.28634,0.01786784827709198,0.5466213822364807,3.965550661087036,451.491
