epoch,time,train/giou_loss,train/cls_loss,train/l1_loss,metrics/precision(B),metrics/recall(B),metrics/mAP50(B),metrics/mAP50-95(B),val/giou_loss,val/cls_loss,val/l1_loss,lr/pg0,lr/pg1,lr/pg2,lr/pg3,lr/pg4,lr/pg5,lr/pg6,lr/pg7
1,622.93,2.38651,0.4536,0.87937,0.00687,0.01426,0.00088,0.00017,2.05044,0.20582,0.58746,0.00998764,0.00332921,0.00998764,0.00332921,0.00998764,0.00332921,0.00998764,0.00332921
2,1079.83,2.03493,0.25894,0.57317,0.06629,0.10529,0.02922,0.01384,1.58603,0.43213,0.36796,0.0197898,0.00659659,0.0197898,0.00659659,0.0197898,0.00659659,0.0197898,0.00659659
3,1495.54,1.74968,0.37552,0.41473,0.11037,0.1543,0.06337,0.03155,1.42613,0.45615,0.29045,0.0293939,0.00979796,0.0293939,0.00979796,0.0293939,0.00979796,0.0293939,0.00979796
4,1896.58,1.57972,0.41551,0.33434,0.17208,0.19329,0.10467,0.05735,1.21484,0.48863,0.21092,0.029109,0.009703,0.029109,0.009703,0.029109,0.009703,0.029109,0.009703
5,2295.5,1.46772,0.43073,0.29202,0.2074,0.23367,0.13782,0.07554,1.19735,0.48617,0.20698,0.028812,0.009604,0.028812,0.009604,0.028812,0.009604,0.028812,0.009604
6,2695.07,1.41928,0.42952,0.27612,0.24022,0.2484,0.16478,0.09064,1.11683,0.49684,0.18094,0.028515,0.009505,0.028515,0.009505,0.028515,0.009505,0.028515,0.009505
7,3092.4,1.35716,0.43509,0.25486,0.28053,0.26837,0.193,0.10821,1.08008,0.49468,0.16519,0.028218,0.009406,0.028218,0.009406,0.028218,0.009406,0.028218,0.009406
8,3490.25,1.3202,0.43827,0.2458,0.30739,0.28834,0.21459,0.11892,1.07366,0.48497,0.16431,0.027921,0.009307,0.027921,0.009307,0.027921,0.009307,0.027921,0.009307
9,3887.01,1.28414,0.43843,0.23441,0.32696,0.30129,0.23542,0.1331,1.00454,0.49227,0.14532,0.027624,0.009208,0.027624,0.009208,0.027624,0.009208,0.027624,0.009208
10,4282.29,1.24081,0.43966,0.21852,0.34122,0.32499,0.26206,0.14915,0.97211,0.48984,0.14191,0.027327,0.009109,0.027327,0.009109,0.027327,0.009109,0.027327,0.009109
11,4677.47,1.23503,0.43215,0.21767,0.36598,0.32625,0.27361,0.15786,0.94991,0.4894,0.13252,0.02703,0.00901,0.02703,0.00901,0.02703,0.00901,0.02703,0.00901
12,5072.58,1.20398,0.43346,0.20345,0.37316,0.34484,0.28973,0.16762,0.94477,0.48857,0.12909,0.026733,0.008911,0.026733,0.008911,0.026733,0.008911,0.026733,0.008911
13,5467.54,1.19537,0.42988,0.20492,0.37221,0.35494,0.29648,0.17051,0.9145,0.48686,0.1191,0.026436,0.008812,0.026436,0.008812,0.026436,0.008812,0.026436,0.008812
14,5862.16,1.17145,0.42652,0.19886,0.41373,0.34406,0.3113,0.18177,0.91044,0.48334,0.12281,0.026139,0.008713,0.026139,0.008713,0.026139,0.008713,0.026139,0.008713
15,6256.06,1.16473,0.42314,0.19436,0.43622,0.3661,0.33423,0.19277,0.89616,0.47723,0.11887,0.025842,0.008614,0.025842,0.008614,0.025842,0.008614,0.025842,0.008614
16,6651.7,1.14475,0.424,0.19289,0.44647,0.36432,0.33641,0.19548,0.89154,0.48055,0.11719,0.025545,0.008515,0.025545,0.008515,0.025545,0.008515,0.025545,0.008515
17,7046.99,1.14947,0.4193,0.19872,0.44501,0.36596,0.33639,0.19648,0.89936,0.47299,0.12352,0.025248,0.008416,0.025248,0.008416,0.025248,0.008416,0.025248,0.008416
18,7441.35,1.12632,0.42124,0.18815,0.4393,0.38583,0.35215,0.20729,0.85803,0.48098,0.1117,0.024951,0.008317,0.024951,0.008317,0.024951,0.008317,0.024951,0.008317
19,7834.53,1.10644,0.42308,0.18224,0.45019,0.38833,0.35417,0.20754,0.89153,0.46826,0.12277,0.024654,0.008218,0.024654,0.008218,0.024654,0.008218,0.024654,0.008218
20,8228.11,1.09042,0.42461,0.17729,0.46087,0.39523,0.36708,0.21275,0.85297,0.47584,0.11449,0.024357,0.008119,0.024357,0.008119,0.024357,0.008119,0.024357,0.008119
21,8626.44,1.09638,0.42083,0.18334,0.49407,0.39527,0.37634,0.22156,0.84065,0.47671,0.10983,0.02406,0.00802,0.02406,0.00802,0.02406,0.00802,0.02406,0.00802
22,9021.78,1.07531,0.42292,0.17227,0.48304,0.40413,0.37973,0.22259,0.84184,0.47333,0.11026,0.023763,0.007921,0.023763,0.007921,0.023763,0.007921,0.023763,0.007921
23,9415.19,1.05647,0.4246,0.16719,0.4824,0.40869,0.38655,0.2267,0.82633,0.47726,0.10517,0.023466,0.007822,0.023466,0.007822,0.023466,0.007822,0.023466,0.007822
24,9809,1.06422,0.4222,0.17074,0.5009,0.40416,0.38867,0.22944,0.81314,0.47768,0.10107,0.023169,0.007723,0.023169,0.007723,0.023169,0.007723,0.023169,0.007723
25,10203.8,1.03042,0.42705,0.16543,0.50231,0.41233,0.3959,0.23255,0.80972,0.47919,0.10331,0.022872,0.007624,0.022872,0.007624,0.022872,0.007624,0.022872,0.007624
26,10596.2,1.04879,0.42257,0.16476,0.49701,0.41691,0.3954,0.23428,0.81204,0.47572,0.10205,0.022575,0.007525,0.022575,0.007525,0.022575,0.007525,0.022575,0.007525
27,10991.7,1.04342,0.42162,0.16744,0.49613,0.42311,0.40023,0.23655,0.79262,0.47718,0.09942,0.022278,0.007426,0.022278,0.007426,0.022278,0.007426,0.022278,0.007426
28,11384.8,1.03036,0.4218,0.16011,0.51414,0.41623,0.40335,0.23777,0.80746,0.4775,0.10347,0.021981,0.007327,0.021981,0.007327,0.021981,0.007327,0.021981,0.007327
29,11779.7,1.02166,0.42235,0.16247,0.51556,0.42504,0.40695,0.23918,0.7982,0.47539,0.09871,0.021684,0.007228,0.021684,0.007228,0.021684,0.007228,0.021684,0.007228
30,12174.3,1.02328,0.42148,0.15966,0.52941,0.42415,0.41839,0.24625,0.78595,0.47799,0.09563,0.021387,0.007129,0.021387,0.007129,0.021387,0.007129,0.021387,0.007129
31,12568.5,1.02616,0.41957,0.16611,0.51523,0.43217,0.41536,0.24472,0.76876,0.484,0.09208,0.02109,0.00703,0.02109,0.00703,0.02109,0.00703,0.02109,0.00703
32,12964.6,1.01053,0.42255,0.15638,0.52632,0.43743,0.42184,0.25028,0.77033,0.47891,0.09172,0.020793,0.006931,0.020793,0.006931,0.020793,0.006931,0.020793,0.006931
33,13358.7,0.99842,0.42392,0.15452,0.53984,0.42824,0.41827,0.24635,0.78061,0.48011,0.09394,0.020496,0.006832,0.020496,0.006832,0.020496,0.006832,0.020496,0.006832
34,13751.7,1.00332,0.42247,0.15137,0.53032,0.43787,0.42436,0.25006,0.77292,0.48083,0.09397,0.020199,0.006733,0.020199,0.006733,0.020199,0.006733,0.020199,0.006733
35,14145.6,0.99308,0.42284,0.15338,0.51685,0.44927,0.43199,0.2562,0.75626,0.48152,0.09046,0.019902,0.006634,0.019902,0.006634,0.019902,0.006634,0.019902,0.006634
36,14539.6,0.96835,0.42802,0.14151,0.52198,0.44311,0.42525,0.25256,0.76706,0.4773,0.09267,0.019605,0.006535,0.019605,0.006535,0.019605,0.006535,0.019605,0.006535
37,14934.3,0.97116,0.42589,0.14403,0.53333,0.44703,0.43328,0.25655,0.75768,0.47959,0.08974,0.019308,0.006436,0.019308,0.006436,0.019308,0.006436,0.019308,0.006436
38,15329,0.95577,0.42719,0.13962,0.52937,0.44459,0.43278,0.25786,0.75288,0.48019,0.08961,0.019011,0.006337,0.019011,0.006337,0.019011,0.006337,0.019011,0.006337
39,15726.3,0.96336,0.42534,0.14152,0.52597,0.46063,0.43938,0.26239,0.7547,0.47984,0.09115,0.018714,0.006238,0.018714,0.006238,0.018714,0.006238,0.018714,0.006238
40,16119.2,0.9564,0.42533,0.13922,0.55119,0.44545,0.43962,0.26241,0.74518,0.4815,0.08735,0.018417,0.006139,0.018417,0.006139,0.018417,0.006139,0.018417,0.006139
41,16513.1,0.94802,0.42815,0.13608,0.54789,0.45253,0.4435,0.26525,0.74146,0.4813,0.08708,0.01812,0.00604,0.01812,0.00604,0.01812,0.00604,0.01812,0.00604
42,16905.9,0.94568,0.42669,0.14085,0.53318,0.46178,0.44453,0.26469,0.74102,0.48147,0.08699,0.017823,0.005941,0.017823,0.005941,0.017823,0.005941,0.017823,0.005941
43,17299,0.94887,0.42622,0.13991,0.54862,0.45566,0.44665,0.268,0.75032,0.47838,0.09025,0.017526,0.005842,0.017526,0.005842,0.017526,0.005842,0.017526,0.005842
44,17692.6,0.94371,0.42629,0.13739,0.55089,0.46035,0.45304,0.27134,0.73227,0.48314,0.08446,0.017229,0.005743,0.017229,0.005743,0.017229,0.005743,0.017229,0.005743
45,18088.7,0.94288,0.42608,0.14164,0.55685,0.45793,0.45153,0.27045,0.73529,0.47908,0.08558,0.016932,0.005644,0.016932,0.005644,0.016932,0.005644,0.016932,0.005644
46,18482.2,0.93037,0.4255,0.13854,0.5497,0.46716,0.45473,0.27252,0.72425,0.48277,0.0827,0.016635,0.005545,0.016635,0.005545,0.016635,0.005545,0.016635,0.005545
47,18875.5,0.93306,0.42516,0.13649,0.54808,0.4674,0.45442,0.27229,0.73371,0.4795,0.08567,0.016338,0.005446,0.016338,0.005446,0.016338,0.005446,0.016338,0.005446
48,19269.1,0.91892,0.42782,0.12992,0.54325,0.47424,0.45733,0.27378,0.73253,0.48283,0.08636,0.016041,0.005347,0.016041,0.005347,0.016041,0.005347,0.016041,0.005347
49,19665.4,0.91294,0.42728,0.13119,0.56531,0.46147,0.45862,0.27538,0.72289,0.48349,0.08269,0.015744,0.005248,0.015744,0.005248,0.015744,0.005248,0.015744,0.005248
50,20060.5,0.91014,0.42725,0.13196,0.54144,0.46973,0.45448,0.27359,0.71925,0.48465,0.08458,0.015447,0.005149,0.015447,0.005149,0.015447,0.005149,0.015447,0.005149
51,20453.1,0.90451,0.42897,0.12788,0.54784,0.46955,0.46093,0.27655,0.70888,0.48604,0.08,0.01515,0.00505,0.01515,0.00505,0.01515,0.00505,0.01515,0.00505
52,20849.2,0.89643,0.43114,0.12442,0.55095,0.47205,0.46294,0.27929,0.70908,0.48521,0.08123,0.014853,0.004951,0.014853,0.004951,0.014853,0.004951,0.014853,0.004951
53,21243.2,0.89586,0.42947,0.12644,0.55439,0.46998,0.46213,0.2785,0.7085,0.48691,0.08194,0.014556,0.004852,0.014556,0.004852,0.014556,0.004852,0.014556,0.004852
54,21635.7,0.89752,0.42697,0.12819,0.5617,0.47764,0.46677,0.28068,0.70496,0.48531,0.07907,0.014259,0.004753,0.014259,0.004753,0.014259,0.004753,0.014259,0.004753
55,22028.4,0.8837,0.43016,0.12375,0.55944,0.47757,0.46567,0.27958,0.70677,0.48526,0.08081,0.013962,0.004654,0.013962,0.004654,0.013962,0.004654,0.013962,0.004654
56,22420.3,0.87967,0.43006,0.12036,0.55083,0.48281,0.46741,0.28069,0.70214,0.48728,0.07991,0.013665,0.004555,0.013665,0.004555,0.013665,0.004555,0.013665,0.004555
57,22813.5,0.88613,0.42928,0.12319,0.56465,0.47606,0.46737,0.28272,0.70485,0.48481,0.08103,0.013368,0.004456,0.013368,0.004456,0.013368,0.004456,0.013368,0.004456
58,23206.7,0.87107,0.43162,0.11848,0.55773,0.48159,0.46887,0.28364,0.70341,0.48548,0.08093,0.013071,0.004357,0.013071,0.004357,0.013071,0.004357,0.013071,0.004357
59,23600.8,0.87295,0.42978,0.11845,0.56159,0.47748,0.4708,0.2842,0.69922,0.48597,0.07788,0.012774,0.004258,0.012774,0.004258,0.012774,0.004258,0.012774,0.004258
60,23994.6,0.87408,0.42885,0.12239,0.56573,0.48411,0.47368,0.28471,0.69722,0.4871,0.0778,0.012477,0.004159,0.012477,0.004159,0.012477,0.004159,0.012477,0.004159
61,24387.7,0.85729,0.43163,0.11553,0.55934,0.48238,0.47179,0.28453,0.69691,0.4875,0.07859,0.01218,0.00406,0.01218,0.00406,0.01218,0.00406,0.01218,0.00406
62,24779.5,0.84934,0.43281,0.11164,0.5583,0.49075,0.47545,0.2871,0.69292,0.48666,0.07767,0.011883,0.003961,0.011883,0.003961,0.011883,0.003961,0.011883,0.003961
63,25171.3,0.85228,0.43007,0.11124,0.57104,0.48176,0.47414,0.28555,0.69233,0.48876,0.07805,0.011586,0.003862,0.011586,0.003862,0.011586,0.003862,0.011586,0.003862
64,25562.1,0.84967,0.4311,0.11423,0.57175,0.48511,0.47646,0.2875,0.69099,0.48778,0.07725,0.011289,0.003763,0.011289,0.003763,0.011289,0.003763,0.011289,0.003763
65,25955.2,0.85597,0.42845,0.11435,0.57373,0.48526,0.47857,0.28878,0.69111,0.48923,0.07681,0.010992,0.003664,0.010992,0.003664,0.010992,0.003664,0.010992,0.003664
66,26349.9,0.83747,0.43299,0.10825,0.57423,0.48276,0.47903,0.28822,0.68774,0.48831,0.07629,0.010695,0.003565,0.010695,0.003565,0.010695,0.003565,0.010695,0.003565
67,26742.1,0.84275,0.43044,0.10927,0.57017,0.48478,0.47818,0.28828,0.68429,0.48886,0.07513,0.010398,0.003466,0.010398,0.003466,0.010398,0.003466,0.010398,0.003466
68,27132.9,0.8273,0.43192,0.10365,0.57338,0.48817,0.48053,0.29006,0.6872,0.48843,0.07621,0.010101,0.003367,0.010101,0.003367,0.010101,0.003367,0.010101,0.003367
69,27525.7,0.82899,0.43147,0.10786,0.57895,0.48906,0.4834,0.29198,0.68164,0.49018,0.07504,0.009804,0.003268,0.009804,0.003268,0.009804,0.003268,0.009804,0.003268
70,27917.6,0.82111,0.43271,0.10332,0.57085,0.49833,0.48599,0.29319,0.68016,0.49015,0.07492,0.009507,0.003169,0.009507,0.003169,0.009507,0.003169,0.009507,0.003169
71,28310.3,0.82229,0.42992,0.10682,0.57457,0.49647,0.48653,0.29281,0.67892,0.4898,0.07451,0.00921,0.00307,0.00921,0.00307,0.00921,0.00307,0.00921,0.00307
72,28700,0.81261,0.43413,0.10084,0.57889,0.48959,0.4848,0.29299,0.67831,0.49072,0.0743,0.008913,0.002971,0.008913,0.002971,0.008913,0.002971,0.008913,0.002971
73,29090.9,0.81189,0.43208,0.10078,0.57732,0.49437,0.4831,0.29103,0.67523,0.49245,0.07316,0.008616,0.002872,0.008616,0.002872,0.008616,0.002872,0.008616,0.002872
74,29482.5,0.80994,0.43252,0.09989,0.58152,0.48916,0.4841,0.29186,0.67185,0.49302,0.07266,0.008319,0.002773,0.008319,0.002773,0.008319,0.002773,0.008319,0.002773
75,29873,0.80344,0.43394,0.0986,0.58043,0.49077,0.48445,0.29098,0.6708,0.49387,0.07296,0.008022,0.002674,0.008022,0.002674,0.008022,0.002674,0.008022,0.002674
76,30263.1,0.79466,0.435,0.09639,0.57612,0.49187,0.48551,0.29344,0.67098,0.49382,0.07263,0.007725,0.002575,0.007725,0.002575,0.007725,0.002575,0.007725,0.002575
77,30656.7,0.8113,0.43189,0.10089,0.58479,0.49571,0.48943,0.29451,0.66889,0.49411,0.07161,0.007428,0.002476,0.007428,0.002476,0.007428,0.002476,0.007428,0.002476
78,31049,0.80891,0.42998,0.09767,0.58116,0.49558,0.48911,0.29514,0.66846,0.49341,0.07149,0.007131,0.002377,0.007131,0.002377,0.007131,0.002377,0.007131,0.002377
79,31439.7,0.78582,0.43383,0.09266,0.58388,0.49334,0.48869,0.29522,0.66885,0.49425,0.07187,0.006834,0.002278,0.006834,0.002278,0.006834,0.002278,0.006834,0.002278
80,31832.7,0.78694,0.43128,0.0953,0.58191,0.49609,0.48948,0.29567,0.66845,0.49349,0.0719,0.006537,0.002179,0.006537,0.002179,0.006537,0.002179,0.006537,0.002179
81,32223.8,0.7881,0.43142,0.09304,0.59455,0.49331,0.49065,0.29485,0.66872,0.49418,0.07199,0.00624,0.00208,0.00624,0.00208,0.00624,0.00208,0.00624,0.00208
82,32614.1,0.78406,0.43276,0.09179,0.58505,0.49469,0.48867,0.29464,0.66737,0.49422,0.07189,0.005943,0.001981,0.005943,0.001981,0.005943,0.001981,0.005943,0.001981
83,33007.5,0.77693,0.43448,0.09044,0.58167,0.49725,0.49102,0.29574,0.66682,0.49297,0.07221,0.005646,0.001882,0.005646,0.001882,0.005646,0.001882,0.005646,0.001882
84,33397.4,0.77283,0.43449,0.09052,0.58946,0.49073,0.49174,0.2962,0.66646,0.49291,0.07149,0.005349,0.001783,0.005349,0.001783,0.005349,0.001783,0.005349,0.001783
85,33788.2,0.76395,0.4349,0.08599,0.5837,0.49503,0.49072,0.2956,0.66456,0.49427,0.07057,0.005052,0.001684,0.005052,0.001684,0.005052,0.001684,0.005052,0.001684
86,34179.6,0.77926,0.43264,0.09255,0.5813,0.50032,0.49155,0.29542,0.66367,0.49462,0.07036,0.004755,0.001585,0.004755,0.001585,0.004755,0.001585,0.004755,0.001585
87,34569.6,0.76039,0.43355,0.08804,0.59476,0.49618,0.49226,0.29681,0.66322,0.49441,0.07044,0.004458,0.001486,0.004458,0.001486,0.004458,0.001486,0.004458,0.001486
88,34960.3,0.76091,0.43366,0.08555,0.58777,0.49849,0.4932,0.29696,0.66071,0.49601,0.06976,0.004161,0.001387,0.004161,0.001387,0.004161,0.001387,0.004161,0.001387
89,35352.4,0.76403,0.43139,0.08644,0.58983,0.49913,0.49259,0.29628,0.66166,0.49633,0.07022,0.003864,0.001288,0.003864,0.001288,0.003864,0.001288,0.003864,0.001288
90,35741.7,0.76086,0.43367,0.08661,0.5924,0.49474,0.49261,0.29632,0.66026,0.49694,0.0696,0.003567,0.001189,0.003567,0.001189,0.003567,0.001189,0.003567,0.001189
91,36162.9,0.63497,0.45227,0.05545,0.58949,0.49703,0.49217,0.29636,0.66173,0.4958,0.06991,0.00327,0.00109,0.00327,0.00109,0.00327,0.00109,0.00327,0.00109
92,36598.4,0.63478,0.45134,0.05626,0.5897,0.49414,0.49289,0.29637,0.66168,0.49659,0.07022,0.002973,0.000991,0.002973,0.000991,0.002973,0.000991,0.002973,0.000991
93,37015.6,0.63078,0.45156,0.05513,0.58556,0.49783,0.49122,0.29586,0.6589,0.49816,0.06997,0.002676,0.000892,0.002676,0.000892,0.002676,0.000892,0.002676,0.000892
94,37435.3,0.62728,0.45077,0.05508,0.59467,0.48865,0.48972,0.29508,0.65942,0.49817,0.07002,0.002379,0.000793,0.002379,0.000793,0.002379,0.000793,0.002379,0.000793
95,37855.7,0.62692,0.451,0.05437,0.58813,0.49374,0.49092,0.29583,0.65865,0.49875,0.06975,0.002082,0.000694,0.002082,0.000694,0.002082,0.000694,0.002082,0.000694
96,38267.1,0.62606,0.45024,0.05387,0.59006,0.49438,0.49127,0.29578,0.65765,0.49941,0.06937,0.001785,0.000595,0.001785,0.000595,0.001785,0.000595,0.001785,0.000595
97,38678.3,0.61906,0.451,0.05382,0.58909,0.49595,0.49289,0.29647,0.6574,0.49945,0.06928,0.001488,0.000496,0.001488,0.000496,0.001488,0.000496,0.001488,0.000496
98,39074,0.62289,0.449,0.0538,0.58899,0.49418,0.49281,0.29659,0.65756,0.49957,0.06952,0.001191,0.000397,0.001191,0.000397,0.001191,0.000397,0.001191,0.000397
99,39448.5,0.61968,0.45035,0.05288,0.58919,0.49514,0.49331,0.29648,0.65645,0.4996,0.06936,0.000894,0.000298,0.000894,0.000298,0.000894,0.000298,0.000894,0.000298
100,39823.6,0.61692,0.4497,0.05207,0.59165,0.49512,0.49317,0.2962,0.65606,0.4995,0.06906,0.000597,0.000199,0.000597,0.000199,0.000597,0.000199,0.000597,0.000199
