epoch,time,train/giou_loss,train/cls_loss,train/l1_loss,val/giou_loss,val/cls_loss,val/l1_loss,lr/pg0,lr/pg1,lr/pg2,lr/pg3,lr/pg4,lr/pg5,lr/pg6,lr/pg7
1,573.658,2.37232,0.45728,0.94463,0,0,0,0.00998764,0.00332921,0.00998764,0.00332921,0.00998764,0.00332921,0.00998764,0.00332921
2,995.622,2.266,0.1651,0.78,0,0,0,0.0197898,0.00659659,0.0197898,0.00659659,0.0197898,0.00659659,0.0197898,0.00659659
3,1375.99,2.02158,0.23555,0.59158,0,0,0,0.0293939,0.00979796,0.0293939,0.00979796,0.0293939,0.00979796,0.0293939,0.00979796
4,1743.65,1.94035,0.25297,0.5001,0,0,0,0.029109,0.009703,0.029109,0.009703,0.029109,0.009703,0.029109,0.009703
5,2109.84,1.80533,0.2969,0.40168,0,0,0,0.028812,0.009604,0.028812,0.009604,0.028812,0.009604,0.028812,0.009604
6,2474.74,1.73716,0.31705,0.34944,0,0,0,0.028515,0.009505,0.028515,0.009505,0.028515,0.009505,0.028515,0.009505
7,2837.06,1.66124,0.33861,0.30933,0,0,0,0.028218,0.009406,0.028218,0.009406,0.028218,0.009406,0.028218,0.009406
8,3199.96,1.59748,0.35819,0.28547,0,0,0,0.027921,0.009307,0.027921,0.009307,0.027921,0.009307,0.027921,0.009307
9,3561.48,1.57211,0.35774,0.27225,0,0,0,0.027624,0.009208,0.027624,0.009208,0.027624,0.009208,0.027624,0.009208
10,3922.11,1.59018,0.33786,0.26796,0,0,0,0.027327,0.009109,0.027327,0.009109,0.027327,0.009109,0.027327,0.009109
11,4282.78,1.5445,0.35437,0.25911,0,0,0,0.02703,0.00901,0.02703,0.00901,0.02703,0.00901,0.02703,0.00901
12,4642.56,1.50173,0.36705,0.23812,0,0,0,0.026733,0.008911,0.026733,0.008911,0.026733,0.008911,0.026733,0.008911
13,5001.3,1.48593,0.36646,0.23103,0,0,0,0.026436,0.008812,0.026436,0.008812,0.026436,0.008812,0.026436,0.008812
14,5361.07,1.46514,0.37358,0.22928,0,0,0,0.026139,0.008713,0.026139,0.008713,0.026139,0.008713,0.026139,0.008713
15,5720.1,1.46083,0.36788,0.21558,0,0,0,0.025842,0.008614,0.025842,0.008614,0.025842,0.008614,0.025842,0.008614
16,6079.43,1.46364,0.36266,0.22054,0,0,0,0.025545,0.008515,0.025545,0.008515,0.025545,0.008515,0.025545,0.008515
17,6439.3,1.45538,0.36599,0.21736,0,0,0,0.025248,0.008416,0.025248,0.008416,0.025248,0.008416,0.025248,0.008416
18,6798.19,1.4323,0.37073,0.2112,0,0,0,0.024951,0.008317,0.024951,0.008317,0.024951,0.008317,0.024951,0.008317
19,7156.51,1.38648,0.38873,0.19723,0,0,0,0.024654,0.008218,0.024654,0.008218,0.024654,0.008218,0.024654,0.008218
20,7514.3,1.38234,0.38613,0.1937,0,0,0,0.024357,0.008119,0.024357,0.008119,0.024357,0.008119,0.024357,0.008119
21,7872.29,1.39743,0.37948,0.19678,0,0,0,0.02406,0.00802,0.02406,0.00802,0.02406,0.00802,0.02406,0.00802
22,8231.6,1.36236,0.38837,0.18806,0,0,0,0.023763,0.007921,0.023763,0.007921,0.023763,0.007921,0.023763,0.007921
23,8588.86,1.35528,0.38701,0.18157,0,0,0,0.023466,0.007822,0.023466,0.007822,0.023466,0.007822,0.023466,0.007822
24,8945.85,1.42417,0.36522,0.19425,0,0,0,0.023169,0.007723,0.023169,0.007723,0.023169,0.007723,0.023169,0.007723
25,9303.13,1.35071,0.38586,0.18185,0,0,0,0.022872,0.007624,0.022872,0.007624,0.022872,0.007624,0.022872,0.007624
26,9660.69,1.33645,0.39227,0.17825,0,0,0,0.022575,0.007525,0.022575,0.007525,0.022575,0.007525,0.022575,0.007525
27,10019.9,1.34373,0.38549,0.18118,0,0,0,0.022278,0.007426,0.022278,0.007426,0.022278,0.007426,0.022278,0.007426
28,10376.8,1.33519,0.39031,0.17483,0,0,0,0.021981,0.007327,0.021981,0.007327,0.021981,0.007327,0.021981,0.007327
29,10734.9,1.26654,0.41077,0.16373,0,0,0,0.021684,0.007228,0.021684,0.007228,0.021684,0.007228,0.021684,0.007228
30,11092.8,1.46379,0.34163,0.199,0,0,0,0.021387,0.007129,0.021387,0.007129,0.021387,0.007129,0.021387,0.007129
31,11451.8,1.2708,0.40685,0.16562,0,0,0,0.02109,0.00703,0.02109,0.00703,0.02109,0.00703,0.02109,0.00703
32,11809.9,1.33789,0.38181,0.17328,0,0,0,0.020793,0.006931,0.020793,0.006931,0.020793,0.006931,0.020793,0.006931
33,12167.8,1.29605,0.39625,0.16798,0,0,0,0.020496,0.006832,0.020496,0.006832,0.020496,0.006832,0.020496,0.006832
34,12525.3,1.29657,0.39387,0.15946,0,0,0,0.020199,0.006733,0.020199,0.006733,0.020199,0.006733,0.020199,0.006733
35,12883.7,1.26133,0.40495,0.16016,0,0,0,0.019902,0.006634,0.019902,0.006634,0.019902,0.006634,0.019902,0.006634
36,13240.4,1.26132,0.40197,0.15657,0,0,0,0.019605,0.006535,0.019605,0.006535,0.019605,0.006535,0.019605,0.006535
37,13597.8,1.24652,0.40716,0.15238,0,0,0,0.019308,0.006436,0.019308,0.006436,0.019308,0.006436,0.019308,0.006436
38,13954.9,1.20319,0.41947,0.14418,0,0,0,0.019011,0.006337,0.019011,0.006337,0.019011,0.006337,0.019011,0.006337
39,14311.8,1.32315,0.37587,0.16355,0,0,0,0.018714,0.006238,0.018714,0.006238,0.018714,0.006238,0.018714,0.006238
40,14668.7,1.24113,0.40597,0.14827,0,0,0,0.018417,0.006139,0.018417,0.006139,0.018417,0.006139,0.018417,0.006139
41,15026,1.19429,0.41983,0.14189,0,0,0,0.01812,0.00604,0.01812,0.00604,0.01812,0.00604,0.01812,0.00604
42,15382.7,1.25024,0.40346,0.15494,0,0,0,0.017823,0.005941,0.017823,0.005941,0.017823,0.005941,0.017823,0.005941
43,15740.8,1.26744,0.39328,0.15875,0,0,0,0.017526,0.005842,0.017526,0.005842,0.017526,0.005842,0.017526,0.005842
44,16098.1,1.18728,0.41825,0.14004,0,0,0,0.017229,0.005743,0.017229,0.005743,0.017229,0.005743,0.017229,0.005743
45,16456.5,1.32727,0.37732,0.16535,0,0,0,0.016932,0.005644,0.016932,0.005644,0.016932,0.005644,0.016932,0.005644
46,16813.1,1.19265,0.41903,0.14115,0,0,0,0.016635,0.005545,0.016635,0.005545,0.016635,0.005545,0.016635,0.005545
47,17169.5,1.17549,0.4214,0.13718,0,0,0,0.016338,0.005446,0.016338,0.005446,0.016338,0.005446,0.016338,0.005446
48,17525.4,1.20202,0.40793,0.13585,0,0,0,0.016041,0.005347,0.016041,0.005347,0.016041,0.005347,0.016041,0.005347
49,17883.1,1.22433,0.40335,0.14231,0,0,0,0.015744,0.005248,0.015744,0.005248,0.015744,0.005248,0.015744,0.005248
50,18238.8,1.15766,0.42141,0.13093,0,0,0,0.015447,0.005149,0.015447,0.005149,0.015447,0.005149,0.015447,0.005149
51,18594.9,1.25606,0.39155,0.14559,0,0,0,0.01515,0.00505,0.01515,0.00505,0.01515,0.00505,0.01515,0.00505
52,18951.4,1.32524,0.36921,0.15526,0,0,0,0.014853,0.004951,0.014853,0.004951,0.014853,0.004951,0.014853,0.004951
53,19308.3,1.44734,0.33481,0.17328,0,0,0,0.014556,0.004852,0.014556,0.004852,0.014556,0.004852,0.014556,0.004852
54,19666.3,1.56045,0.31238,0.20758,0,0,0,0.014259,0.004753,0.014259,0.004753,0.014259,0.004753,0.014259,0.004753
55,20021.6,1.10292,0.43486,0.12436,0,0,0,0.013962,0.004654,0.013962,0.004654,0.013962,0.004654,0.013962,0.004654
56,20377.3,1.06677,0.44536,0.12017,0,0,0,0.013665,0.004555,0.013665,0.004555,0.013665,0.004555,0.013665,0.004555
57,20735,1.10718,0.42905,0.12246,0,0,0,0.013368,0.004456,0.013368,0.004456,0.013368,0.004456,0.013368,0.004456
58,21091,1.13136,0.42327,0.12291,0,0,0,0.013071,0.004357,0.013071,0.004357,0.013071,0.004357,0.013071,0.004357
59,21447,1.47321,0.3217,0.1669,0,0,0,0.012774,0.004258,0.012774,0.004258,0.012774,0.004258,0.012774,0.004258
60,21804.6,1.35924,0.35872,0.1652,0,0,0,0.012477,0.004159,0.012477,0.004159,0.012477,0.004159,0.012477,0.004159
61,22160.4,1.27601,0.37916,0.14109,0,0,0,0.01218,0.00406,0.01218,0.00406,0.01218,0.00406,0.01218,0.00406
62,22516.6,1.31512,0.36795,0.14631,0,0,0,0.011883,0.003961,0.011883,0.003961,0.011883,0.003961,0.011883,0.003961
63,22872.1,1.23141,0.38736,0.13521,0,0,0,0.011586,0.003862,0.011586,0.003862,0.011586,0.003862,0.011586,0.003862
64,23228.8,1.23163,0.39939,0.13721,0,0,0,0.011289,0.003763,0.011289,0.003763,0.011289,0.003763,0.011289,0.003763
65,23585.6,1.08862,0.42988,0.11811,0,0,0,0.010992,0.003664,0.010992,0.003664,0.010992,0.003664,0.010992,0.003664
66,23941.2,1.0357,0.44342,0.11183,0,0,0,0.010695,0.003565,0.010695,0.003565,0.010695,0.003565,0.010695,0.003565
67,24297.1,1.14328,0.4136,0.12188,0,0,0,0.010398,0.003466,0.010398,0.003466,0.010398,0.003466,0.010398,0.003466
68,24653,1.36411,0.35125,0.14425,0,0,0,0.010101,0.003367,0.010101,0.003367,0.010101,0.003367,0.010101,0.003367
69,25009.2,1.54041,0.32277,0.18897,0,0,0,0.009804,0.003268,0.009804,0.003268,0.009804,0.003268,0.009804,0.003268
70,25364.6,1.15105,0.41123,0.12056,0,0,0,0.009507,0.003169,0.009507,0.003169,0.009507,0.003169,0.009507,0.003169
71,25721.2,1.38478,0.34844,0.15667,0,0,0,0.00921,0.00307,0.00921,0.00307,0.00921,0.00307,0.00921,0.00307
72,26077,1.02978,0.43922,0.10733,0,0,0,0.008913,0.002971,0.008913,0.002971,0.008913,0.002971,0.008913,0.002971
73,26433.9,0.96319,0.45185,0.10387,0,0,0,0.008616,0.002872,0.008616,0.002872,0.008616,0.002872,0.008616,0.002872
74,26790.2,0.9653,0.45291,0.1037,0,0,0,0.008319,0.002773,0.008319,0.002773,0.008319,0.002773,0.008319,0.002773
75,27145.4,0.96628,0.45408,0.10316,0,0,0,0.008022,0.002674,0.008022,0.002674,0.008022,0.002674,0.008022,0.002674
76,27500.6,1.08329,0.42463,0.11076,0,0,0,0.007725,0.002575,0.007725,0.002575,0.007725,0.002575,0.007725,0.002575
77,27857.2,1.40834,0.33827,0.15235,0,0,0,0.007428,0.002476,0.007428,0.002476,0.007428,0.002476,0.007428,0.002476
78,28213.1,1.26743,0.37588,0.12872,0,0,0,0.007131,0.002377,0.007131,0.002377,0.007131,0.002377,0.007131,0.002377
79,28568.5,1.01926,0.44121,0.10226,0,0,0,0.006834,0.002278,0.006834,0.002278,0.006834,0.002278,0.006834,0.002278
80,28924.2,0.96687,0.44991,0.10056,0,0,0,0.006537,0.002179,0.006537,0.002179,0.006537,0.002179,0.006537,0.002179
81,29279.6,1.07457,0.42383,0.10754,0,0,0,0.00624,0.00208,0.00624,0.00208,0.00624,0.00208,0.00624,0.00208
82,29635.4,1.58664,0.30276,0.16262,0,0,0,0.005943,0.001981,0.005943,0.001981,0.005943,0.001981,0.005943,0.001981
83,29990.9,1.24706,0.37837,0.12272,0,0,0,0.005646,0.001882,0.005646,0.001882,0.005646,0.001882,0.005646,0.001882
84,30345.2,1.51022,0.31637,0.16141,0,0,0,0.005349,0.001783,0.005349,0.001783,0.005349,0.001783,0.005349,0.001783
85,30698.9,1.02306,0.43538,0.10248,0,0,0,0.005052,0.001684,0.005052,0.001684,0.005052,0.001684,0.005052,0.001684
86,31054.8,1.51273,0.30735,0.16612,0,0,0,0.004755,0.001585,0.004755,0.001585,0.004755,0.001585,0.004755,0.001585
87,31410.1,1.61275,0.28858,0.16391,0,0,0,0.004458,0.001486,0.004458,0.001486,0.004458,0.001486,0.004458,0.001486
88,31764.6,1.12143,0.40611,0.11117,0,0,0,0.004161,0.001387,0.004161,0.001387,0.004161,0.001387,0.004161,0.001387
89,32120.9,1.15425,0.39871,0.11355,0,0,0,0.003864,0.001288,0.003864,0.001288,0.003864,0.001288,0.003864,0.001288
90,32476.3,1.44846,0.31975,0.14831,0,0,0,0.003567,0.001189,0.003567,0.001189,0.003567,0.001189,0.003567,0.001189
91,32817,1.66529,0.26584,0.17156,0,0,0,0.00327,0.00109,0.00327,0.00109,0.00327,0.00109,0.00327,0.00109
92,33156.8,1.42443,0.32293,0.13249,0,0,0,0.002973,0.000991,0.002973,0.000991,0.002973,0.000991,0.002973,0.000991
93,33496.6,1.38747,0.33028,0.13154,0,0,0,0.002676,0.000892,0.002676,0.000892,0.002676,0.000892,0.002676,0.000892
94,33836.7,1.3766,0.34232,0.13092,0,0,0,0.002379,0.000793,0.002379,0.000793,0.002379,0.000793,0.002379,0.000793
95,34176.9,1.30402,0.35714,0.11816,0,0,0,0.002082,0.000694,0.002082,0.000694,0.002082,0.000694,0.002082,0.000694
96,34517,1.17771,0.39013,0.10038,0,0,0,0.001785,0.000595,0.001785,0.000595,0.001785,0.000595,0.001785,0.000595
97,34857.8,1.05809,0.41883,0.08684,0,0,0,0.001488,0.000496,0.001488,0.000496,0.001488,0.000496,0.001488,0.000496
98,35198,1.21007,0.37926,0.10291,0,0,0,0.001191,0.000397,0.001191,0.000397,0.001191,0.000397,0.001191,0.000397
99,35538.4,1.39579,0.33224,0.12516,0,0,0,0.000894,0.000298,0.000894,0.000298,0.000894,0.000298,0.000894,0.000298
100,35878.6,1.62613,0.28004,0.15223,0.000597,0.000199,0.000597,0.000199,0.000597,0.000199,0.000597,0.000199
