sha256	bytes	filename
7CAC7CBF1407936AB5AE3C6945978D733397A2D4657D5253F3B0C87FC306563B	1764	args.yaml
E3B0C44298FC1C149AFBF4C8996FB92427AE41E4649B934CA495991B7852B855	0	driver.log
8EECEE6E15E56AA54F8934EE791D6CC4714EEEE3DB3FE6FC2903BCEF8554E814	1290	driver.sh
9A271F2A916B0B6EE6CECB2426F0B3206EF074578BE55D9BC94F6F3FE3AB86AA	2	exit_code
85FDEE46807BD16C06257501290028393F3A513E2281E0A416598D149461CA29	3618	postprocess_driver.sh
FEF74C78EFB6FE6453D3AD389F03A4C47B0CEF7B7A13265F0ECFB48AFD4EDB7F	3618	postprocess_driver_f9d01f65.sh
F3C89D0F36827079F8EF149FAF1D088FDF43F112ADDCC68391EA9B6564F27D64	7830	protocol_manifest.json
FD8C71E929B5C35A416DAEA3DF9930863CB26EE847896BDCB91799D7046C9890	11358	results.csv
499892AB52A3E40EE45D83B41EE454438AA378F9FA2A21CE41881289E2DFCAFB	4558	saded_stock_training_summary.json
5B794327F6F23D13E4CB2A84B820D66D48556E59B69530DF048C5F68FE4350D8	197581197	saded-fresh100-seed0-best.pt
515674348D0FF542663FE6FB4317240FC167A71EA31FACC1DEFE6A7E91B521F8	197583309	saded-fresh100-seed0-last.pt
095DF83F21CA563138577FA97B17777D0AB65E6C5A80C93D3343053BB333F12C	747108	saded-postprocess-75c8f85d.bundle
DFF8587B06CF13770E0EB8310C7672EA0597C22D9222963690EA424240C5E6F2	748116	saded-postprocess-f9d01f65.bundle
5CECF8E5D7177ABCBA3CCE32DD7184DFFC86094107BD45BE5208927BAB6ABC9E	15	status
2B639E122663CB4391005E7CB1D9C7F6CC6B772378575C42EE3D8F058BE5EA34	12148595	train.log
