completed_epoch,stage,run_id,precision,recall,map50,map,map75,loss_giou,loss_class,loss_bbox,loss_fgl,loss_fgl_aux,loss_bbox_pre,loss_giou_pre,loss_bpdd,loss_ra_support,loss_ra_scale,bpdd_active_edge_ratio,bpdd_mean_reliability,bpdd_mean_teacher_improvement,bpdd_mixture_beats_final_ratio,bpdd_mean_mixture_advantage_over_final,bpdd_matched_queries,bpdd_eligible_edges,ra_target_mean,ra_valid_fraction,ra_scale_entropy,ra_scale_tiny_fraction,ra_scale_small_fraction,ra_scale_regular_fraction,ra_scale_tiny_recall,ra_scale_small_recall,ra_scale_regular_recall,ra_scale_positive_pixels,ra_scale_gate_mean_abs_deviation,ra_scale_gate_std,gradient_norm,fdr_gradient_norm,ra_glgm_gradient_norm,learning_rate,amp_scale,amp_skipped_steps,cuda_peak_mib,epoch_wall_seconds,last_checkpoint_sha256,last_checkpoint_bytes,milestone_checkpoint,milestone_checkpoint_sha256,disk_free_bytes
1,formal,fdr_bpdd_ra_glgm-formal-seed0-1023444c2347-3b82a7c8eddc,0.30069,0.00485,4e-05,1e-05,1.824817518248175e-07,2.41627836227417,0.43988654017448425,0.9501236081123352,0.08868512511253357,0.43507447838783264,1.2693207263946533,2.888216257095337,0.00018096565327141434,0.05901450291275978,1.0880886316299438,0.2941342890262604,0.008635898120701313,0.03556114807724953,0.3883744776248932,-0.0005650442326441407,413522.0,8270440.0,0.05317753180861473,0.9993526935577393,1.095620036125183,0.9926451444625854,0.00012250852887518704,0.007232367992401123,0.9935843348503113,9.756438521435484e-05,0.009481670334935188,6872991.0,0.010234707966446877,0.010083924047648907,51.382362365722656,41.9074821472168,0.04518949240446091,0.009987639060568603,128.0,0,12045.82,699.057,8B27540EE8F8C05EE4B350BEC67F215CD1C7E4D27EB645FB29E750B439D9484C,207027392,,,60254322688
2,formal,fdr_bpdd_ra_glgm-formal-seed0-1023444c2347-3b82a7c8eddc,0.01877,0.03136,0.00396,0.00112,0.00016704650349164333,2.34865665435791,0.11925075203180313,0.7814207077026367,0.22629870474338531,1.0714244842529297,0.7853541374206543,2.4428951740264893,0.0005129975616000593,0.016994202509522438,1.052774429321289,0.36070477962493896,0.011469310149550438,0.045660585165023804,0.43101295828819275,0.012218505144119263,417164.0,8343280.0,0.03654950112104416,0.9991741180419922,1.0710095167160034,0.9080489873886108,0.019225893542170525,0.07272510975599289,0.9416412115097046,0.02749123051762581,0.11844313889741898,6960457.0,0.03904097154736519,0.02888917177915573,26.525135040283203,65.6681900024414,0.10513350367546082,0.01978976143386897,128.0,0,13490.06,527.045,D75B335AE4DC5161B7E8ED4F0218E9FB2A99DB4887B7D5A2615B7AB8DA030139,207027584,,,60047032320
3,formal,fdr_bpdd_ra_glgm-formal-seed0-1023444c2347-3b82a7c8eddc,0.15963,0.09919,0.0244,0.01072,0.008287114856560121,1.9742405414581299,0.26453253626823425,0.5374603867530823,0.664994478225708,3.1969363689422607,0.35187608003616333,1.665664792060852,0.013141642324626446,0.00965975970029831,0.9190234541893005,0.5118248462677002,0.052138037979602814,0.16718371212482452,0.3955185115337372,0.1652938574552536,417907.0,8358140.0,0.021962489932775497,0.9998437166213989,0.945513904094696,0.661146342754364,0.15601453185081482,0.18283914029598236,0.8427509665489197,0.26798829436302185,0.4196586608886719,6978440.0,0.08505793660879135,0.08772091567516327,70.97290802001953,117.13919067382812,0.2033137083053589,0.029393883807169344,128.0,0,10912.29,488.476,0F25BF7026D4BA440756DCFEFB86FFA479390870A0C9A81B6F0EACFEAEB06330,207027776,,,60046843904
4,formal,fdr_bpdd_ra_glgm-formal-seed0-1023444c2347-3b82a7c8eddc,0.19547,0.14,0.04888,0.02384,0.02187865565476058,1.7484583854675293,0.36839553713798523,0.3943195939064026,0.7027061581611633,3.331658124923706,0.3490384519100189,1.7534421682357788,0.04366658255457878,0.0081510404124856,0.7188211679458618,0.545362114906311,0.07644027471542358,0.25573277473449707,0.39385125041007996,0.2972029149532318,412546.0,8250920.0,0.01943444088101387,0.9985267519950867,0.7318634986877441,0.5234156847000122,0.22750063240528107,0.24908366799354553,0.8229623436927795,0.4635814130306244,0.6895452737808228,6864605.0,0.12681353092193604,0.13849854469299316,76.11351013183594,55.792057037353516,0.16329097747802734,0.029108999999999996,128.0,0,13368.11,477.523,E11B8E9851F071471541223357B887042D7CC631C59B138540EC557B32F28DFE,207027968,,,60046635008
5,formal,fdr_bpdd_ra_glgm-formal-seed0-1023444c2347-3b82a7c8eddc,0.13491,0.17141,0.07325,0.03874,0.037227281205830125,1.5936158895492554,0.41048330068588257,0.32526087760925293,0.6101324558258057,2.811488151550293,0.27275896072387695,1.8191688060760498,0.06301149725914001,0.008633207529783249,0.6149920225143433,0.556222677230835,0.08759256452322006,0.3172675669193268,0.38542062044143677,0.3151756227016449,415461.0,8309220.0,0.025186974555253983,0.9987946152687073,0.6260308027267456,0.49985983967781067,0.2544870972633362,0.24565306305885315,0.838867723941803,0.5606273412704468,0.7509939670562744,6842300.0,0.1397944986820221,0.15316550433635712,59.536048889160156,124.74031066894531,0.18713723123073578,0.028811999999999997,128.0,0,11877.78,466.925,2D692D6AF23D07115B1805D5453EDA07F538720808A6C73ED76355A53558AF9B,207027648,/home/ubuntu/fdr-bpdd-ra-glgm/runs/formal-seed0-fdr_bpdd_ra_glgm-v1.1/weights/epoch4.pt,2D692D6AF23D07115B1805D5453EDA07F538720808A6C73ED76355A53558AF9B,59839426560
6,formal,fdr_bpdd_ra_glgm-formal-seed0-1023444c2347-3b82a7c8eddc,0.1743,0.19555,0.10414,0.05636,0.05355768980667909,1.514114260673523,0.42160549759864807,0.2914910912513733,0.775704562664032,3.763758420944214,0.2173737734556198,1.4505796432495117,0.03293854370713234,0.0072431741282343864,0.5563694834709167,0.56576007604599,0.09411156177520752,0.3492042124271393,0.378524512052536,0.31326308846473694,420947.0,8418940.0,0.02061212994158268,0.996696412563324,0.5637314319610596,0.49479439854621887,0.2609992027282715,0.24420639872550964,0.8524659276008606,0.6074683666229248,0.7855105400085449,6888726.0,0.1465580016374588,0.16022323071956635,58.279361724853516,94.63700866699219,0.24243994057178497,0.028515,128.0,0,16001.7,483.274,37CEEE7BC8ED7A03847C43BD549BFD1CB45090795D5E786DFC65E41B4652A385,207027840,,,59839229952
7,formal,fdr_bpdd_ra_glgm-formal-seed0-1023444c2347-3b82a7c8eddc,0.20318,0.23311,0.12854,0.07104,0.06880003273159818,1.4450424909591675,0.43206140398979187,0.26881107687950134,0.5617716908454895,2.6852169036865234,0.3284143805503845,1.8579033613204956,0.04894161596894264,0.009533005766570568,0.5222761631011963,0.5728181004524231,0.09901537746191025,0.3771902918815613,0.3728727400302887,0.3062998354434967,415632.0,8312640.0,0.024448055773973465,0.9918303489685059,0.5296297073364258,0.48124244809150696,0.2725648880004883,0.24619264900684357,0.8526190519332886,0.6413726210594177,0.8077502250671387,6877342.0,0.14966720342636108,0.1643507033586502,66.66424560546875,150.10830688476562,0.1893826425075531,0.028218,128.0,0,16139.5,614.843,98D0FF19018922CBD71C687D98C363D44ABA02E1538495209AF688ECF964AC17,207028032,,,59839021056
8,formal,fdr_bpdd_ra_glgm-formal-seed0-1023444c2347-3b82a7c8eddc,0.23186,0.24699,0.15719,0.0854,0.08004379816080995,1.394006609916687,0.4402209520339966,0.2508988380432129,0.6999833583831787,3.373135805130005,0.2977340519428253,1.6780281066894531,0.0411420539021492,0.007295586634427309,0.49239423871040344,0.5811870694160461,0.1056373119354248,0.4096567630767822,0.3703819513320923,0.31469035148620605,417293.0,8345860.0,0.020358508452773094,0.9979240894317627,0.4973621368408203,0.4759454131126404,0.2737996280193329,0.25025495886802673,0.861216127872467,0.6626608371734619,0.8242403864860535,6930864.0,0.15285968780517578,0.16818082332611084,64.77775573730469,116.70939636230469,0.11909829080104828,0.027920999999999998,128.0,0,11020.54,467.361,4850198DD01D62B604F6D7A30D07CAC067D5FB4DADE41A1F8A34823C4CAB074E,207028224,,,59838832640
9,formal,fdr_bpdd_ra_glgm-formal-seed0-1023444c2347-3b82a7c8eddc,0.25703,0.24898,0.17048,0.09587,0.09375303553979893,1.3554743528366089,0.4407937824726105,0.23964186012744904,0.5612544417381287,2.6760332584381104,0.3089328408241272,1.9238790273666382,0.06286527961492538,0.008859828114509583,0.4665379822254181,0.5795592069625854,0.10790864378213882,0.4215638041496277,0.37150058150291443,0.32451680302619934,417161.0,8343220.0,0.02816847711801529,0.99609375,0.4706481397151947,0.4693537950515747,0.27792301774024963,0.25272321701049805,0.8645210266113281,0.6825661659240723,0.8405454754829407,6933190.0,0.1554647833108902,0.17147955298423767,67.14105224609375,118.92173767089844,0.25133681297302246,0.027624,128.0,0,13923.55,602.0,7000EA8A3E483F93727447D2B56B5F43F1E42A9102A51B171DAB860A7EB2EE9A,207028352,,,59838623744
10,formal,fdr_bpdd_ra_glgm-formal-seed0-1023444c2347-3b82a7c8eddc,0.27188,0.27465,0.19495,0.10971,0.10789430848128563,1.318519115447998,0.4427615702152252,0.225723534822464,0.6028567552566528,2.9731900691986084,0.3108460307121277,1.7457771301269531,0.03963010758161545,0.006398036610335112,0.4527837038040161,0.5899771451950073,0.11600518971681595,0.4430341124534607,0.366324245929718,0.30610308051109314,412531.0,8250620.0,0.013470176607370377,0.9972544312477112,0.45646050572395325,0.46883225440979004,0.27922967076301575,0.2519380748271942,0.8690822720527649,0.6940646767616272,0.8438631296157837,6900001.0,0.15652526915073395,0.1725834161043167,79.68729400634766,127.85067749023438,0.20222263038158417,0.027327,128.0,0,15028.31,497.078,621FF529149E2FEBB780DB83035FADC16D79B3834CF7AF9AF4916D0E0903B2C0,207028544,/home/ubuntu/fdr-bpdd-ra-glgm/runs/formal-seed0-fdr_bpdd_ra_glgm-v1.1/weights/epoch9.pt,621FF529149E2FEBB780DB83035FADC16D79B3834CF7AF9AF4916D0E0903B2C0,59631398912
11,formal,fdr_bpdd_ra_glgm-formal-seed0-1023444c2347-3b82a7c8eddc,0.29336,0.284,0.20968,0.11796,0.11452227256416256,1.2942856550216675,0.4429605007171631,0.21758104860782623,0.6192260384559631,3.013251781463623,0.2952413856983185,1.7043379545211792,0.04189804196357727,0.009260620921850204,0.4380830228328705,0.5842680931091309,0.11470366269350052,0.43743976950645447,0.3693598806858063,0.30126461386680603,417924.0,8358480.0,0.028280388563871384,0.9983035326004028,0.44251778721809387,0.4747309386730194,0.2782627046108246,0.2470063418149948,0.8736880421638489,0.7025456428527832,0.8529918789863586,6911458.0,0.15810778737068176,0.17335188388824463,95.06266784667969,130.1551055908203,0.2900928556919098,0.02703,128.0,0,12117.66,569.019,E903700AFFDF72869AD4B47288DED35BCAE822C4D721BE62F530155B9FCE1729,207028736,,,59631198208
12,formal,fdr_bpdd_ra_glgm-formal-seed0-1023444c2347-3b82a7c8eddc,0.30427,0.30038,0.22086,0.12511,0.12244209166599189,1.2747852802276611,0.44418787956237793,0.20907984673976898,0.6621980667114258,3.1217401027679443,0.26119083166122437,1.655495285987854,0.06117953360080719,0.005713342688977718,0.42759284377098083,0.586919367313385,0.11749118566513062,0.4435701072216034,0.36768779158592224,0.28839048743247986,419227.0,8384540.0,0.014991989359259605,1.0,0.4321514070034027,0.4753863215446472,0.27926766872406006,0.24534600973129272,0.8764448165893555,0.7112154960632324,0.8572202920913696,6887693.0,0.15874585509300232,0.1739833801984787,76.75224304199219,113.59014129638672,0.1657497137784958,0.026733,128.0,0,10763.83,488.226,E90C91E4FB21B8D6B3269E9AE4E61BCD55E380C441D9C0405F7D2BAD9233DCF1,207028864,,,59631001600
13,formal,fdr_bpdd_ra_glgm-formal-seed0-1023444c2347-3b82a7c8eddc,0.32123,0.30288,0.2335,0.13224,0.1299452888086521,1.2524890899658203,0.44521284103393555,0.2045600563287735,0.5686245560646057,2.7024788856506348,0.2646891176700592,1.8406800031661987,0.07867040485143661,0.009690790437161922,0.41701164841651917,0.589586079120636,0.11781081557273865,0.4461001753807068,0.3658609986305237,0.3044615387916565,414047.0,8280940.0,0.030435938388109207,0.9951785802841187,0.4224797785282135,0.47496962547302246,0.2793467044830322,0.2456836849451065,0.8811191916465759,0.7170311212539673,0.8596926331520081,6882036.0,0.15971669554710388,0.17511674761772156,61.82176208496094,133.263671875,0.16499678790569305,0.026435999999999998,128.0,0,11985.62,457.186,A1B18248281ADB3C8D94AD0C8CBADB7120ECC81FD47A4F0A05241C0E4D9306CD,207029056,,,59630821376
14,formal,fdr_bpdd_ra_glgm-formal-seed0-1023444c2347-3b82a7c8eddc,0.3555,0.31415,0.25399,0.14457,0.1421299217520265,1.2278903722763062,0.44705283641815186,0.19964608550071716,0.8099462389945984,3.9456887245178223,0.17318250238895416,1.410774827003479,0.05167790874838829,0.007983160205185413,0.4066965878009796,0.5878099203109741,0.11700624227523804,0.43840038776397705,0.36737751960754395,0.2861263155937195,416625.0,8332500.0,0.0213963333517313,0.9884151816368103,0.40955179929733276,0.464326947927475,0.28232452273368835,0.2533484995365143,0.8804096579551697,0.7257672548294067,0.8697705268859863,6949226.0,0.16048048436641693,0.1771828681230545,84.7388687133789,136.1488494873047,0.23343093693256378,0.026139,128.0,0,11615.29,489.738,BF713D4B2C150FCAEBCB2F4C964BEA48ABACC22B20C558633BCBA5787778EDA8,207029248,,,59622244352
15,formal,fdr_bpdd_ra_glgm-formal-seed0-1023444c2347-3b82a7c8eddc,0.35424,0.32114,0.26444,0.15357,0.1522367566957588,1.2268874645233154,0.4396667182445526,0.19282013177871704,0.6496816873550415,3.2089951038360596,0.2521365284919739,1.6352180242538452,0.04376555234193802,0.006590771023184061,0.401214599609375,0.5893421769142151,0.122431680560112,0.45560550689697266,0.3674670457839966,0.28634414076805115,421511.0,8430220.0,0.017894890159368515,0.9940178394317627,0.403242290019989,0.47412222623825073,0.28319066762924194,0.24268710613250732,0.8841906189918518,0.7302445769309998,0.8638089895248413,6944819.0,0.16090397536754608,0.17625261843204498,68.73200225830078,126.48238372802734,0.20739895105361938,0.025841999999999997,128.0,0,16034.39,475.776,F7D876E5D7F50089A1571B9BBF3DDFD0151413AE8291B394E4E6A32D3D2321A1,207029440,/home/ubuntu/fdr-bpdd-ra-glgm/runs/formal-seed0-fdr_bpdd_ra_glgm-v1.1/weights/epoch14.pt,F7D876E5D7F50089A1571B9BBF3DDFD0151413AE8291B394E4E6A32D3D2321A1,59415027712
16,formal,fdr_bpdd_ra_glgm-formal-seed0-1023444c2347-3b82a7c8eddc,0.38083,0.32851,0.27754,0.16154,0.16078910111445138,1.1963462829589844,0.4425301253795624,0.19010409712791443,0.5527210235595703,2.6867592334747314,0.33970874547958374,1.9486016035079956,0.05723011866211891,0.015330588445067406,0.39467066526412964,0.5887495279312134,0.1188332810997963,0.44293418526649475,0.3662182688713074,0.27952539920806885,415381.0,8307620.0,0.03990922123193741,0.9981696605682373,0.3982263207435608,0.46435609459877014,0.28485754132270813,0.25078636407852173,0.8835054039955139,0.7369809746742249,0.8731847405433655,6919164.0,0.1608741283416748,0.17762434482574463,58.16342544555664,136.7378692626953,0.2746056914329529,0.025545,128.0,0,13281.68,492.898,CC54C76813CA48B3AC1ADF926A05A0EC8D16A2DE71CAC429F0170857C41E7EA8,207029568,,,59414835200
17,formal,fdr_bpdd_ra_glgm-formal-seed0-1023444c2347-3b82a7c8eddc,0.39131,0.34542,0.29202,0.16825,0.16642270554342378,1.186224341392517,0.440693199634552,0.1825937181711197,0.4521464705467224,2.1845271587371826,0.40764281153678894,2.0934154987335205,0.09282045066356659,0.011116965673863888,0.3883734345436096,0.5869539976119995,0.12194067239761353,0.4520069360733032,0.36882123351097107,0.2778499722480774,420132.0,8402640.0,0.02234938181936741,0.9978125095367432,0.39150679111480713,0.4726842939853668,0.2784353792667389,0.24888034164905548,0.8879163265228271,0.7344626188278198,0.8752548098564148,6916589.0,0.16255588829517365,0.17835035920143127,69.31415557861328,158.11666870117188,0.37309592962265015,0.025248,128.0,0,12040.15,463.112,D64C796B0E773D60515CF35171050384E5C931CDE0C0060BACD318E83C46C163,207029760,,,59414642688
18,formal,fdr_bpdd_ra_glgm-formal-seed0-1023444c2347-3b82a7c8eddc,0.39905,0.34749,0.30348,0.17577,0.17576445917070466,1.17525315284729,0.4381697177886963,0.18327465653419495,0.7248709201812744,3.5368854999542236,0.21587297320365906,1.5737930536270142,0.0830112025141716,0.01177981123328209,0.3865912854671478,0.587563693523407,0.12181954830884933,0.44705191254615784,0.36825424432754517,0.2638702094554901,417213.0,8344260.0,0.016344454139471054,0.9966071248054504,0.38835543394088745,0.47018492221832275,0.2830035984516144,0.24681146442890167,0.8876675367355347,0.7404031753540039,0.8735346794128418,6901612.0,0.1620427519083023,0.17808213829994202,86.74779510498047,106.02281951904297,0.4016032814979553,0.024950999999999997,128.0,0,10504.26,473.821,BA250819A3376C1FDF839F3C5830C933EB41F45F8FE139005A55C846D4CD024A,207029952,,,59414462464
19,formal,fdr_bpdd_ra_glgm-formal-seed0-1023444c2347-3b82a7c8eddc,0.41837,0.35255,0.31157,0.1808,0.1782947392685869,1.1614768505096436,0.43701934814453125,0.17835326492786407,0.5550076961517334,2.6107349395751953,0.3353438079357147,1.986631155014038,0.10372360050678253,0.011241260915994644,0.3812989294528961,0.5886015295982361,0.12283582240343094,0.44988128542900085,0.3674930930137634,0.2636305093765259,410779.0,8215580.0,0.02399953454732895,0.9984151721000671,0.3853306174278259,0.46713271737098694,0.28287041187286377,0.2499968707561493,0.888715386390686,0.7441158294677734,0.8780083656311035,6859802.0,0.16242405772209167,0.17868958413600922,68.00152587890625,135.3046875,0.44031181931495667,0.024654000000000002,128.0,0,9491.06,457.315,26F31FF246BFE13A3E063BE7D114630FFA8D6BB5D764C0731AAB02338872C9E3,207030080,,,59414265856
20,formal,fdr_bpdd_ra_glgm-formal-seed0-1023444c2347-3b82a7c8eddc,0.42004,0.35779,0.31484,0.18341,0.18267894451210384,1.1379140615463257,0.43778544664382935,0.17470067739486694,0.6523048281669617,3.164902687072754,0.30150106549263,1.8008204698562622,0.07007812708616257,0.01698159985244274,0.3780527412891388,0.5924437642097473,0.12391722202301025,0.45209813117980957,0.3651394248008728,0.25297388434410095,412982.0,8259640.0,0.03028021566569805,0.9991071224212646,0.37943655252456665,0.4632570147514343,0.2898809015750885,0.24686208367347717,0.8873618245124817,0.7521950006484985,0.8792392611503601,6889126.0,0.16164101660251617,0.1784505993127823,70.11908721923828,116.19507598876953,0.5011268258094788,0.024357,128.0,0,11018.41,462.763,72B803A23DB540ADA0CB7DC4E29323626BC0C6EB241DC24FC60167EA43CD8B76,207030272,/home/ubuntu/fdr-bpdd-ra-glgm/runs/formal-seed0-fdr_bpdd_ra_glgm-v1.1/weights/epoch19.pt,72B803A23DB540ADA0CB7DC4E29323626BC0C6EB241DC24FC60167EA43CD8B76,59207041024
21,formal,fdr_bpdd_ra_glgm-formal-seed0-1023444c2347-3b82a7c8eddc,0.41374,0.37509,0.33244,0.19209,0.1897848117605607,1.1346583366394043,0.4369000196456909,0.17377349734306335,0.7536963224411011,3.795884609222412,0.2619231939315796,1.4620792865753174,0.046763308346271515,0.016417600214481354,0.37814193964004517,0.5898067355155945,0.12066057324409485,0.44431111216545105,0.3677736222743988,0.2511877715587616,419419.0,8388380.0,0.026830408722162247,0.9993303418159485,0.38022661209106445,0.46929243206977844,0.2836305499076843,0.24707703292369843,0.8890685439109802,0.74648517370224,0.8798488974571228,6953807.0,0.16303393244743347,0.17900919914245605,71.42853546142578,84.40541076660156,0.5307720899581909,0.02406,128.0,0,14807.53,463.248,BDA70BE9F2460973B981D75240B8F95885F889FB30C603953F14583771883EC0,207030464,,,59206856704
22,formal,fdr_bpdd_ra_glgm-formal-seed0-1023444c2347-3b82a7c8eddc,0.41954,0.37206,0.32987,0.19341,0.19123997572260212,1.123835802078247,0.434655100107193,0.1677461415529251,0.7362663745880127,3.6138179302215576,0.1991272270679474,1.5072581768035889,0.06309650838375092,0.012016737833619118,0.36692216992378235,0.5926649570465088,0.12375425547361374,0.4489274322986603,0.365254670381546,0.24635638296604156,426296.0,8525920.0,0.01704447530210018,0.9984821081161499,0.37031450867652893,0.4682508707046509,0.2837810814380646,0.24796804785728455,0.8927056193351746,0.7530237436294556,0.8851916790008545,6977907.0,0.16417142748832703,0.18025945127010345,72.94154357910156,138.8819580078125,0.5942304730415344,0.023763,128.0,0,13327.31,494.701,4A2683A75E0201DA4376F05EB6729CB1F4E0F71041E36189A7745F82D2272822,207030592,,,59206668288
23,formal,fdr_bpdd_ra_glgm-formal-seed0-1023444c2347-3b82a7c8eddc,0.43675,0.37837,0.33983,0.19946,0.1997397118167009,1.1015342473983765,0.4367464780807495,0.16130712628364563,0.8123435378074646,3.9900829792022705,0.2535690367221832,1.4387606382369995,0.09262062609195709,0.010170062072575092,0.36797279119491577,0.5905959010124207,0.12344121187925339,0.4459533393383026,0.36473050713539124,0.2345212996006012,409089.0,8181780.0,0.01423991285264492,0.9929240942001343,0.36897972226142883,0.46591395139694214,0.28227484226226807,0.2518112063407898,0.8924736976623535,0.7525527477264404,0.8851439952850342,6833751.0,0.1639428585767746,0.1806284338235855,69.61592864990234,123.90451049804688,0.7177187204360962,0.023466,128.0,0,11189.55,460.092,5BA7DECDC5ECD479E627D9CF89931E03C910616CB1C703786E3012000E231ACD,207030784,,,59206483968
24,formal,fdr_bpdd_ra_glgm-formal-seed0-1023444c2347-3b82a7c8eddc,0.44715,0.38334,0.34793,0.20318,0.2012309672499828,1.0939440727233887,0.4364241361618042,0.16026273369789124,0.5377631187438965,2.5548884868621826,0.36152973771095276,1.9232920408248901,0.06905408203601837,0.013903304934501648,0.36744430661201477,0.5913283228874207,0.12438953667879105,0.44927167892456055,0.3663942515850067,0.23676326870918274,415710.0,8314200.0,0.02566617913544178,0.9772544503211975,0.36888590455055237,0.4677657186985016,0.28467878699302673,0.24755547940731049,0.892138659954071,0.7555456161499023,0.884033739566803,6876002.0,0.1636110246181488,0.17994637787342072,79.01897430419922,144.50289916992188,0.9332849383354187,0.023169,128.0,0,11830.84,460.455,CBAB0ACB2B8BC03B80879D70F836A6D54DD9A8E25FBDA9218B011A8067722B6E,207030976,,,59206287360
25,formal,fdr_bpdd_ra_glgm-formal-seed0-1023444c2347-3b82a7c8eddc,0.45329,0.39658,0.36196,0.21098,0.2098314052114676,1.0732262134552002,0.43757370114326477,0.15682826936244965,0.4538056552410126,2.089996576309204,0.4034941494464874,2.158205509185791,0.1110234409570694,0.02101270668208599,0.36432069540023804,0.5930904746055603,0.12568609416484833,0.45729774236679077,0.3638538122177124,0.23738662898540497,408292.0,8165840.0,0.025273246690630913,0.9987723231315613,0.3657270669937134,0.46048542857170105,0.28539809584617615,0.2541165053844452,0.8923709392547607,0.7565634846687317,0.8875808119773865,6830694.0,0.16379359364509583,0.18115727603435516,71.98812103271484,133.8747100830078,0.9951213002204895,0.022871999999999997,128.0,0,13787.13,477.695,E217AB150D709A573C4E13161EEF72E47E093A2A1B35B16BAA3933A3DE109F0A,207031168,/home/ubuntu/fdr-bpdd-ra-glgm/runs/formal-seed0-fdr_bpdd_ra_glgm-v1.1/weights/epoch24.pt,E217AB150D709A573C4E13161EEF72E47E093A2A1B35B16BAA3933A3DE109F0A,58997817344
26,formal,fdr_bpdd_ra_glgm-formal-seed0-1023444c2347-3b82a7c8eddc,0.45886,0.39591,0.36046,0.21186,0.21171243360457948,1.080792784690857,0.435055673122406,0.15771812200546265,0.8253456354141235,4.171030521392822,0.15637701749801636,1.2337137460708618,0.03952641040086746,0.015993908047676086,0.3589799404144287,0.5914061665534973,0.12516893446445465,0.45040953159332275,0.3646749258041382,0.22331702709197998,412605.0,8252100.0,0.0179388877004385,0.9931473135948181,0.36176806688308716,0.4680953919887543,0.2828005850315094,0.24910402297973633,0.8964211940765381,0.7591313123703003,0.8877829909324646,6831347.0,0.16490541398525238,0.18118326365947723,68.6053237915039,125.29781341552734,0.9951851963996887,0.022574999999999998,128.0,0,9899.09,496.599,95B37BD364467D7E77AFEF3317E8CC708CAAE4A2C9CA75177D7060D517B7519C,207031296,,,58998878208
27,formal,fdr_bpdd_ra_glgm-formal-seed0-1023444c2347-3b82a7c8eddc,0.46006,0.39422,0.36674,0.21484,0.21500902811275338,1.075307011604309,0.43221914768218994,0.16103847324848175,0.7583396434783936,3.8391964435577393,0.19712033867835999,1.4117441177368164,0.0829966813325882,0.021287374198436737,0.35691553354263306,0.5938034057617188,0.12610560655593872,0.45604828000068665,0.36582234501838684,0.23474489152431488,425831.0,8516620.0,0.01661405898630619,1.0,0.35902664065361023,0.4739365577697754,0.28250187635421753,0.24356156587600708,0.897313117980957,0.7594186663627625,0.8883583545684814,7010010.0,0.16520696878433228,0.1806831955909729,86.69462585449219,150.1412811279297,1.289773941040039,0.022278,128.0,0,11731.91,622.045,FDF655A82A8C17430AFBCFC3D61D8F668DD81DADDBBF1C20640CE4A1FAFF6033,207031488,,,58998689792
28,formal,fdr_bpdd_ra_glgm-formal-seed0-1023444c2347-3b82a7c8eddc,0.46937,0.3993,0.37667,0.22215,0.22215881467803156,1.051422119140625,0.43574944138526917,0.14938615262508392,0.5401396155357361,2.503387212753296,0.2485547810792923,1.9614030122756958,0.12039210647344589,0.02754732221364975,0.3586271405220032,0.5945900082588196,0.12633901834487915,0.45477020740509033,0.3635365962982178,0.2213132381439209,417299.0,8345980.0,0.02522294409573078,0.9912053346633911,0.36073267459869385,0.4687032401561737,0.28773412108421326,0.24356262385845184,0.8958685398101807,0.7628720998764038,0.8860398530960083,6898271.0,0.16402922570705414,0.1802680492401123,94.55355834960938,163.97267150878906,1.204405426979065,0.021981,128.0,0,11793.9,486.032,B3201D1E6F7BCAAA22761B12147D02967216093954A935484EC767E0FAFC5808,207031680,,,58998497280
29,formal,fdr_bpdd_ra_glgm-formal-seed0-1023444c2347-3b82a7c8eddc,0.47236,0.39923,0.3734,0.21998,0.22174515827085356,1.04482901096344,0.43363654613494873,0.15244553983211517,0.7275848984718323,3.565547466278076,0.18177072703838348,1.4835259914398193,0.07420682907104492,0.013033864088356495,0.3592120110988617,0.5953314900398254,0.1273837685585022,0.4591059386730194,0.36289411783218384,0.2242620289325714,415410.0,8308200.0,0.014539680443704128,0.9995535612106323,0.36035963892936707,0.46406498551368713,0.2851431369781494,0.25079187750816345,0.8956086039543152,0.7614853978157043,0.8886843323707581,6887990.0,0.16451048851013184,0.18135425448417664,72.69673919677734,172.18370056152344,1.2269376516342163,0.021684,128.0,0,13390.58,511.761,DA6B93C254C72B958E7C28B7131C9CA096D67D2968D89676A55A137FC7B39679,207031808,,,58998308864
30,formal,fdr_bpdd_ra_glgm-formal-seed0-1023444c2347-3b82a7c8eddc,0.48773,0.40714,0.38913,0.22849,0.22833261874611396,1.037840723991394,0.4354434311389923,0.1482539027929306,0.9028021693229675,4.531446933746338,0.12732113897800446,1.1381182670593262,0.033221255987882614,0.020135441794991493,0.356739342212677,0.5943940877914429,0.12361153215169907,0.44879043102264404,0.36339300870895386,0.2107623964548111,424240.0,8484800.0,0.015235929749906063,0.9973883628845215,0.35691264271736145,0.47105157375335693,0.28209906816482544,0.24684934318065643,0.8973647952079773,0.7589390873908997,0.8891303539276123,6993387.0,0.1655033528804779,0.18140684068202972,85.12439727783203,137.31214904785156,1.121566891670227,0.021387,128.0,0,10649.4,596.11,672A017E3DEA46007361DA52EFF9063561FB5E4126705A1178E0C26F44A2176A,207032000,/home/ubuntu/fdr-bpdd-ra-glgm/runs/formal-seed0-fdr_bpdd_ra_glgm-v1.1/weights/epoch29.pt,672A017E3DEA46007361DA52EFF9063561FB5E4126705A1178E0C26F44A2176A,58791075840
31,formal,fdr_bpdd_ra_glgm-formal-seed0-1023444c2347-3b82a7c8eddc,0.48634,0.41364,0.38322,0.22595,0.22802115939355666,1.0346667766571045,0.4328572154045105,0.1513397991657257,0.8240261673927307,4.100072860717773,0.15574714541435242,1.3875731229782104,0.07246755808591843,0.021560033783316612,0.35721635818481445,0.5928587317466736,0.1268649399280548,0.45435550808906555,0.3629871606826782,0.20469221472740173,424342.0,8486840.0,0.013888491317629814,0.9988839030265808,0.3596787750720978,0.4636794328689575,0.28872010111808777,0.2476004809141159,0.8938427567481995,0.7660236954689026,0.8892609477043152,7003056.0,0.1641491800546646,0.18088826537132263,83.57276916503906,64.0840072631836,1.3295551538467407,0.021089999999999998,128.0,0,15684.0,486.851,B4FF2C35A6944101115D42726D01E6DCB1EF4CD9C8DC80FCB8EB044F691C4365,207032192,,,58790887424
32,formal,fdr_bpdd_ra_glgm-formal-seed0-1023444c2347-3b82a7c8eddc,0.49572,0.41818,0.39778,0.23429,0.2339075363661413,1.03567373752594,0.43161964416503906,0.1487182080745697,0.7920408844947815,3.9547128677368164,0.19569319486618042,1.3742247819900513,0.04722384363412857,0.0344911552965641,0.3532692492008209,0.5937132239341736,0.1284404695034027,0.4557287096977234,0.36150068044662476,0.2008553147315979,430340.0,8606800.0,0.028485799208283424,0.9983481764793396,0.3558877408504486,0.47331947088241577,0.28266942501068115,0.24401108920574188,0.8990873098373413,0.7611144781112671,0.8894144296646118,7020943.0,0.16572408378124237,0.18126483261585236,92.8858413696289,149.48463439941406,1.2451481819152832,0.020793,128.0,0,12964.02,594.554,5068B034CD49A5575D93A168E0F07A95AC1B300C4F90B773F9C75468177EC4AD,207032320,,,58790686720
33,formal,fdr_bpdd_ra_glgm-formal-seed0-1023444c2347-3b82a7c8eddc,0.48856,0.42319,0.39716,0.23496,0.23490176546075703,1.0174745321273804,0.4347692131996155,0.14545467495918274,0.7666652798652649,3.877166509628296,0.15170784294605255,1.3270262479782104,0.049118779599666595,0.02748185396194458,0.3518964350223541,0.5908072590827942,0.12626124918460846,0.44971922039985657,0.36309805512428284,0.20035576820373535,418753.0,8375060.0,0.026892811059951782,0.9946205019950867,0.3539312183856964,0.4660063087940216,0.28723007440567017,0.24676361680030823,0.8984028697013855,0.7667738199234009,0.8904291391372681,6938908.0,0.16479867696762085,0.18135425448417664,74.86669921875,105.40984344482422,1.2665601968765259,0.020495999999999997,128.0,0,13284.51,485.037,0A874FBEDD0C14D9231B944B59C280AAAABB95F3D193587F9590E42147F22BB4,207032512,,,58790486016
34,formal,fdr_bpdd_ra_glgm-formal-seed0-1023444c2347-3b82a7c8eddc,0.49214,0.4135,0.39384,0.23288,0.23438018003203537,1.0142079591751099,0.43418213725090027,0.14440195262432098,0.7408226728439331,3.6529171466827393,0.2154131680727005,1.515384554862976,0.06745645403862,0.03168695420026779,0.35053321719169617,0.5944504141807556,0.12592776119709015,0.4479925036430359,0.3635161519050598,0.1950511634349823,423075.0,8461500.0,0.025376908481121063,0.998839259147644,0.35173502564430237,0.47570326924324036,0.28469982743263245,0.239596888422966,0.901130735874176,0.7637492418289185,0.8887742757797241,6891300.0,0.16552294790744781,0.18078015744686127,64.5440444946289,171.61412048339844,1.652005910873413,0.020198999999999995,128.0,0,17748.4,623.377,96E99E35557806E1B7BF3ACE0E2A86891E9509C2A9453947C1A2DC1FAF86E5AD,207032704,,,58790268928
35,formal,fdr_bpdd_ra_glgm-formal-seed0-1023444c2347-3b82a7c8eddc,0.4973,0.42659,0.40304,0.23735,0.2366017589300768,1.0022629499435425,0.4344967007637024,0.1424545794725418,0.77851802110672,3.8522210121154785,0.1711536943912506,1.4195773601531982,0.0718403160572052,0.023840472102165222,0.35405418276786804,0.5908983945846558,0.12776562571525574,0.45437824726104736,0.36219996213912964,0.19092950224876404,424825.0,8496500.0,0.01989837922155857,0.9974330067634583,0.3563127815723419,0.46773260831832886,0.2872069776058197,0.24506041407585144,0.8967113494873047,0.7656036615371704,0.888880729675293,7015160.0,0.16493019461631775,0.1810348480939865,100.73262023925781,163.13185119628906,1.50928795337677,0.019901999999999996,128.0,0,10651.29,488.599,C2B231F058E49CFAC13E0EB62A5F446C1B1A0D37697FC2143E23773505CC1092,207032896,/home/ubuntu/fdr-bpdd-ra-glgm/runs/formal-seed0-fdr_bpdd_ra_glgm-v1.1/weights/epoch34.pt,C2B231F058E49CFAC13E0EB62A5F446C1B1A0D37697FC2143E23773505CC1092,58583048192
36,formal,fdr_bpdd_ra_glgm-formal-seed0-1023444c2347-3b82a7c8eddc,0.49327,0.42624,0.40112,0.23667,0.23851586305281125,0.9876314401626587,0.4373868703842163,0.134892076253891,0.6560402512550354,3.2012205123901367,0.21334868669509888,1.6768125295639038,0.07764828950166702,0.027615001425147057,0.3516475260257721,0.5915181040763855,0.12481184303760529,0.4439052939414978,0.36141419410705566,0.18045446276664734,414672.0,8293440.0,0.029517993330955505,0.9898660778999329,0.3512153923511505,0.46590501070022583,0.28498709201812744,0.24910789728164673,0.8988754749298096,0.7634907960891724,0.890986442565918,6908376.0,0.16550058126449585,0.18211549520492554,67.43096160888672,135.5555877685547,1.2394062280654907,0.019604999999999997,128.0,0,17354.11,483.487,7AE9B255F659D8934090C1EB6C8D96CA3CEA46ECE2504E6A54F8FAA79BE08F43,207033024,,,58582863872
37,formal,fdr_bpdd_ra_glgm-formal-seed0-1023444c2347-3b82a7c8eddc,0.49137,0.42978,0.40723,0.24158,0.24346513952932333,0.9842332005500793,0.4368261992931366,0.13581454753875732,0.7950952649116516,3.985323190689087,0.2858653962612152,1.4674193859100342,0.03915446996688843,0.019672701135277748,0.350490927696228,0.5903812050819397,0.12645815312862396,0.4496117830276489,0.3628038465976715,0.18000835180282593,415156.0,8303120.0,0.013834187760949135,0.9985491037368774,0.35178136825561523,0.46579012274742126,0.28534379601478577,0.24886606633663177,0.8998449444770813,0.7655419707298279,0.8908370137214661,6903854.0,0.1654796302318573,0.18209747970104218,69.41253662109375,162.08958435058594,1.4328644275665283,0.019308000000000002,128.0,0,17290.1,477.593,8F5A9574064CA259DC17FE2D2A40C9BD130665CDECBBD75BC29718B2D4029D3B,207033216,,,58582659072
38,formal,fdr_bpdd_ra_glgm-formal-seed0-1023444c2347-3b82a7c8eddc,0.51076,0.42573,0.40893,0.24243,0.24332917739898274,0.9701856970787048,0.4379182755947113,0.13202357292175293,0.7429163455963135,3.777357578277588,0.282518595457077,1.3888137340545654,0.045239463448524475,0.026529429480433464,0.34693819284439087,0.5914615392684937,0.12592245638370514,0.446661114692688,0.36110344529151917,0.1795128732919693,413070.0,8261400.0,0.019110504537820816,0.9976562261581421,0.3477213680744171,0.4619164764881134,0.2869878113269806,0.251095712184906,0.8987754583358765,0.7703239321708679,0.8951237797737122,6879536.0,0.16568875312805176,0.1826847344636917,95.56086730957031,187.59893798828125,2.0172386169433594,0.019011,128.0,0,17323.57,529.48,E6A298ACE98C6F6F6FF31D394DC93384CCB3C361FCF15BF64519C7E4DEDB11B2,207033408,,,58582462464
39,formal,fdr_bpdd_ra_glgm-formal-seed0-1023444c2347-3b82a7c8eddc,0.51291,0.43056,0.41547,0.24753,0.25104229199758743,0.9671693444252014,0.4370831251144409,0.13081280887126923,0.6112162470817566,3.0517513751983643,0.3081626892089844,1.7161749601364136,0.08631841838359833,0.030896728858351707,0.3471232056617737,0.5896799564361572,0.12392678111791611,0.4399452805519104,0.36160096526145935,0.17128108441829681,420047.0,8400940.0,0.022382358089089394,0.9978794455528259,0.34965458512306213,0.46882858872413635,0.2856582999229431,0.24551312625408173,0.901040256023407,0.7679265141487122,0.8914783000946045,6962259.0,0.1657085418701172,0.18177905678749084,84.47177124023438,58.37386703491211,1.8286620378494263,0.018714,128.0,0,12049.48,483.137,DD72A3AEBE246450DFFD6B60B47963CA73C57869667F64B02B1CDAACBCF2E52F,207033536,,,58582286336
40,formal,fdr_bpdd_ra_glgm-formal-seed0-1023444c2347-3b82a7c8eddc,0.51115,0.43695,0.41632,0.24682,0.24819095240084926,0.9671545028686523,0.4372435510158539,0.128042072057724,0.7812601923942566,3.9769928455352783,0.18581601977348328,1.3689100742340088,0.05841219425201416,0.0310171227902174,0.34654200077056885,0.5902743339538574,0.1269829422235489,0.4499693810939789,0.3614356517791748,0.17903433740139008,412998.0,8259960.0,0.024209216237068176,0.9969196319580078,0.3477505147457123,0.46224960684776306,0.28603658080101013,0.2517138123512268,0.9000388383865356,0.7695517539978027,0.8925517797470093,6884032.0,0.16595320403575897,0.18296217918395996,92.33284759521484,170.21981811523438,2.237333297729492,0.018417,128.0,0,11108.37,491.076,E8158A5A8505C17988AFBAD74BBB93EB2FE021AD497C214DA6286297F6071CAC,207033728,/home/ubuntu/fdr-bpdd-ra-glgm/runs/formal-seed0-fdr_bpdd_ra_glgm-v1.1/weights/epoch39.pt,E8158A5A8505C17988AFBAD74BBB93EB2FE021AD497C214DA6286297F6071CAC,58375053312
41,formal,fdr_bpdd_ra_glgm-formal-seed0-1023444c2347-3b82a7c8eddc,0.51412,0.43888,0.4233,0.25105,0.2523500692864319,0.955578088760376,0.43970584869384766,0.12649762630462646,0.8565828800201416,4.35763692855835,0.11895245313644409,1.1584503650665283,0.05510014295578003,0.02578621357679367,0.3478487730026245,0.5905702114105225,0.12353584170341492,0.43726083636283875,0.3611246347427368,0.17046193778514862,410894.0,8217880.0,0.015525953844189644,0.9978794455528259,0.348874568939209,0.46121999621391296,0.286271333694458,0.2525086998939514,0.899973452091217,0.7682689428329468,0.893801212310791,6822070.0,0.16579586267471313,0.18294523656368256,100.05137634277344,108.64570617675781,2.262448310852051,0.018119999999999997,128.0,0,10167.91,512.709,68B0818A2DEB5DD2AB5960BF86AA783011B42DE476EEA93E739D2C818B5FBC38,207033920,,,58374856704
42,formal,fdr_bpdd_ra_glgm-formal-seed0-1023444c2347-3b82a7c8eddc,0.52201,0.43941,0.42355,0.25119,0.2527022868230747,0.9476199150085449,0.43998661637306213,0.12792493402957916,0.7578880786895752,3.7964413166046143,0.13229405879974365,1.351609468460083,0.059267040342092514,0.029107503592967987,0.3469826579093933,0.5907226204872131,0.12396037578582764,0.44151997566223145,0.36131972074508667,0.1741872876882553,415323.0,8306460.0,0.01774408668279648,0.9975892901420593,0.3490670919418335,0.4649465084075928,0.2889862656593323,0.24606722593307495,0.8995087146759033,0.7704977989196777,0.8914813995361328,6935828.0,0.1654236912727356,0.18200482428073883,78.30988311767578,190.39527893066406,1.5685731172561646,0.017823000000000002,128.0,0,15340.86,459.96,AE9890F986B1B72121A5D954EFA562EBF43E9D4AFF83FD88CB16BA37E0F10295,207034112,,,58374680576
43,formal,fdr_bpdd_ra_glgm-formal-seed0-1023444c2347-3b82a7c8eddc,0.51801,0.4427,0.42517,0.25269,0.25381517863785347,0.9457798600196838,0.4391711950302124,0.12664680182933807,0.6569852828979492,3.164914608001709,0.24548906087875366,1.710730791091919,0.08417770266532898,0.03761136159300804,0.34408098459243774,0.5896408557891846,0.12250344455242157,0.43211349844932556,0.3602425456047058,0.16304734349250793,420604.0,8412080.0,0.024509385228157043,0.9917187690734863,0.34325969219207764,0.46892249584198,0.2864534258842468,0.2446240782737732,0.9015238881111145,0.7713443636894226,0.8932430148124695,6948110.0,0.16619935631752014,0.18226270377635956,64.78109741210938,165.36146545410156,1.9417668581008911,0.017526,128.0,0,11789.15,461.439,4EAF0B12B8612512BE700CA8B4D365B55B972A14F99EEF477F129269026A10F1,207034240,,,58374488064
44,formal,fdr_bpdd_ra_glgm-formal-seed0-1023444c2347-3b82a7c8eddc,0.53079,0.43975,0.42717,0.25417,0.2587843331725135,0.9495981335639954,0.43763697147369385,0.1272505223751068,0.6461265087127686,3.1472890377044678,0.14606305956840515,1.6540791988372803,0.08510230481624603,0.03942658379673958,0.339185893535614,0.5876802206039429,0.12524878978729248,0.44431272149086,0.361617773771286,0.1724700778722763,421286.0,8425720.0,0.01829935796558857,0.9931696057319641,0.34180688858032227,0.4732228219509125,0.28407424688339233,0.242702916264534,0.9058498740196228,0.7714419364929199,0.8928549885749817,6973402.0,0.16687121987342834,0.1823660135269165,116.32089233398438,176.8566131591797,2.0064122676849365,0.017229,128.0,0,11922.51,640.663,C9431D88936CAAA551DC17D54BCB0C57ABAADCCA55B8BFEC839B8191648190F5,207034432,,,58374287360
45,formal,fdr_bpdd_ra_glgm-formal-seed0-1023444c2347-3b82a7c8eddc,0.53437,0.4424,0.43052,0.2566,0.2590364197879349,0.9493182301521301,0.4377698004245758,0.12784014642238617,0.8195627927780151,4.081151962280273,0.14864133298397064,1.2502257823944092,0.044189147651195526,0.03154843673110008,0.3433593511581421,0.5895611643791199,0.12638287246227264,0.4498823285102844,0.36137905716896057,0.17380540072917938,420540.0,8410800.0,0.01499760989099741,0.9992634057998657,0.3445480167865753,0.4681873023509979,0.28426045179367065,0.24755224585533142,0.9021780490875244,0.7693551778793335,0.8945145010948181,6963023.0,0.1663586050271988,0.18269290030002594,91.12902069091797,168.60723876953125,1.7328749895095825,0.016932,128.0,0,11682.75,463.403,DCC4945E7D7F9D55C628F0F279727085399F3430C4C71E0B561856AF50CCE91A,207034624,/home/ubuntu/fdr-bpdd-ra-glgm/runs/formal-seed0-fdr_bpdd_ra_glgm-v1.1/weights/epoch44.pt,DCC4945E7D7F9D55C628F0F279727085399F3430C4C71E0B561856AF50CCE91A,58167062528
46,formal,fdr_bpdd_ra_glgm-formal-seed0-1023444c2347-3b82a7c8eddc,0.52848,0.44971,0.43325,0.25871,0.26009336002206795,0.9348816871643066,0.4377796947956085,0.12539291381835938,0.7160499095916748,3.589345932006836,0.27890291810035706,1.595313549041748,0.056454114615917206,0.03402908518910408,0.33878782391548157,0.5867529511451721,0.12245604395866394,0.4353767931461334,0.3607398569583893,0.16957524418830872,418628.0,8372560.0,0.01624881662428379,0.9999107122421265,0.3407013416290283,0.46816855669021606,0.2840672433376312,0.24776418507099152,0.905044436454773,0.7721437215805054,0.896102786064148,6943574.0,0.16687317192554474,0.18316827714443207,83.2691879272461,165.16229248046875,2.0764496326446533,0.016635,128.0,0,11683.17,583.452,657D153BA3F052082BFF9225B5C8E8FE1F7DEA9F8762B6820A2A89AD6B22264C,207034752,,,58166861824
47,formal,fdr_bpdd_ra_glgm-formal-seed0-1023444c2347-3b82a7c8eddc,0.52806,0.44898,0.43764,0.26001,0.263082270398686,0.9327890276908875,0.4375271797180176,0.12691630423069,0.7840763330459595,3.853280782699585,0.12915591895580292,1.4110146760940552,0.0637248232960701,0.04373989999294281,0.3367760479450226,0.5880773663520813,0.12095516175031662,0.431709349155426,0.36277294158935547,0.16939076781272888,420302.0,8406040.0,0.015773983672261238,0.9930133819580078,0.336141437292099,0.4688267707824707,0.2833631932735443,0.2478100210428238,0.9044742584228516,0.7728603482246399,0.8988985419273376,6949731.0,0.16732119023799896,0.18355706334114075,125.8991470336914,150.40757751464844,3.544529914855957,0.016338000000000002,128.0,0,11347.18,505.705,51578D0B01F3DD3AF15B5F104FA4BA7BF61C6ED1DE96CCE8FD9E29546BD9052B,207034944,,,58166677504
48,formal,fdr_bpdd_ra_glgm-formal-seed0-1023444c2347-3b82a7c8eddc,0.53172,0.44962,0.43502,0.26012,0.2632319823195083,0.9205710887908936,0.43901684880256653,0.11739091575145721,0.6620867848396301,3.2814548015594482,0.2384893298149109,1.7130308151245117,0.10720597952604294,0.03524508699774742,0.33671844005584717,0.5883379578590393,0.1235961839556694,0.4374585747718811,0.36065831780433655,0.1626647412776947,418936.0,8378720.0,0.025931481271982193,0.9953794479370117,0.33966103196144104,0.46763813495635986,0.28253573179244995,0.24982613325119019,0.9056564569473267,0.772209644317627,0.8967782258987427,6936096.0,0.1673147827386856,0.18372324109077454,88.97711944580078,171.80958557128906,1.4592866897583008,0.016041,128.0,0,14898.04,596.583,6E9421CD9240FB12C4D7AE6F9C88A4B4E300F8494E54ED5F2D876371C48E0781,207035136,,,58166472704
49,formal,fdr_bpdd_ra_glgm-formal-seed0-1023444c2347-3b82a7c8eddc,0.54384,0.44614,0.44222,0.26317,0.26470439652046573,0.913550615310669,0.438419371843338,0.11832065135240555,0.7470772862434387,3.7401375770568848,0.14823678135871887,1.4162243604660034,0.06263794749975204,0.03161098062992096,0.33725932240486145,0.5873857140541077,0.1211395114660263,0.42926228046417236,0.3605721592903137,0.15996035933494568,424781.0,8495620.0,0.01918272115290165,0.9965848326683044,0.3383027911186218,0.47320830821990967,0.2845294177532196,0.24226228892803192,0.9063342809677124,0.7734405398368835,0.8942334651947021,6993734.0,0.1670796275138855,0.18260838091373444,106.97885131835938,155.08909606933594,2.2616238594055176,0.015744,128.0,0,14640.77,584.663,9D4213785C2D92FEBEAFA84C628107565F3A5729E12DF47FFC66C31E4B371363,207035264,,,58166280192
50,formal,fdr_bpdd_ra_glgm-formal-seed0-1023444c2347-3b82a7c8eddc,0.54038,0.45444,0.44037,0.26438,0.2669372510746497,0.9021565318107605,0.44053220748901367,0.116001658141613,0.6869401931762695,3.3879106044769287,0.17833222448825836,1.5905500650405884,0.09218736737966537,0.04917797073721886,0.3392682671546936,0.5856603980064392,0.11840774863958359,0.41739076375961304,0.36073559522628784,0.1516995131969452,412683.0,8253660.0,0.020989133045077324,0.9983035326004028,0.3380427956581116,0.4642115831375122,0.28349724411964417,0.25229117274284363,0.9040550589561462,0.7714095711708069,0.8970395922660828,6850945.0,0.167262002825737,0.18408752977848053,97.16563415527344,164.6970672607422,1.9451210498809814,0.015447,128.0,0,15893.38,614.553,FD016CF3A6B3AFD7FD5012B79F6E658094A5A081A19375153D89CC8542E432C1,207035456,/home/ubuntu/fdr-bpdd-ra-glgm/runs/formal-seed0-fdr_bpdd_ra_glgm-v1.1/weights/epoch49.pt,FD016CF3A6B3AFD7FD5012B79F6E658094A5A081A19375153D89CC8542E432C1,57959038976
51,formal,fdr_bpdd_ra_glgm-formal-seed0-1023444c2347-3b82a7c8eddc,0.53712,0.45765,0.4468,0.26722,0.26952370078676935,0.9059122800827026,0.44048845767974854,0.11759059876203537,0.7942187786102295,4.104926586151123,0.12188103049993515,1.1497228145599365,0.03767462447285652,0.026387205347418785,0.3381444811820984,0.587778627872467,0.12159447371959686,0.42631208896636963,0.35958370566368103,0.1508304625749588,416212.0,8324240.0,0.01301563810557127,0.9993303418159485,0.33957943320274353,0.46494048833847046,0.28760427236557007,0.24745523929595947,0.9038053154945374,0.775387167930603,0.8945344090461731,6883083.0,0.1663789451122284,0.1830960214138031,86.05023193359375,194.93124389648438,2.0973026752471924,0.01515,128.0,0,16450.96,483.311,A40D054D4493C9EF8A2D3C43E6B4D880CBF25B83E99763DA20F2F700E8557181,207035648,,,57958842368
52,formal,fdr_bpdd_ra_glgm-formal-seed0-1023444c2347-3b82a7c8eddc,0.54649,0.45356,0.44835,0.26826,0.2711467836161698,0.8926627039909363,0.44268152117729187,0.11415383219718933,0.8050181269645691,4.11055326461792,0.16102290153503418,1.2230173349380493,0.06644485890865326,0.032480739057064056,0.3358202278614044,0.5846303701400757,0.11682647466659546,0.41046011447906494,0.3603297770023346,0.1428409218788147,418562.0,8371240.0,0.0170083437114954,0.9952232241630554,0.3379850387573242,0.46794959902763367,0.2836814522743225,0.24836896359920502,0.9071723222732544,0.7732042670249939,0.8967925906181335,6949725.0,0.1671922504901886,0.18351809680461884,88.84879302978516,167.63937377929688,2.5429131984710693,0.014852999999999998,128.0,0,11543.64,589.219,9E75B36D2796ADFA7F42B7ED2945114A82DD70CCB7B98DE8396502A0CA02F238,207035840,,,57958658048
53,formal,fdr_bpdd_ra_glgm-formal-seed0-1023444c2347-3b82a7c8eddc,0.53983,0.45216,0.4425,0.26566,0.2684157441251108,0.8961400985717773,0.4404204487800598,0.11788281798362732,0.8428844809532166,4.196430683135986,0.14023014903068542,1.2822458744049072,0.05257878825068474,0.046353235840797424,0.33554694056510925,0.5852646827697754,0.11651620268821716,0.41219884157180786,0.35961082577705383,0.14974863827228546,417514.0,8350280.0,0.016430392861366272,0.9989508986473083,0.33494192361831665,0.470329225063324,0.28491711616516113,0.2447536587715149,0.9056651592254639,0.773972749710083,0.8971276879310608,6892183.0,0.1672300398349762,0.18322131037712097,104.90615844726562,181.28561401367188,2.146544933319092,0.014555999999999998,128.0,0,10331.61,493.741,A42C9173BCA7F0D86BA84F6DB8D2C099A7E9D5D17E557337A643780863F65710,207035968,,,57958461440
54,formal,fdr_bpdd_ra_glgm-formal-seed0-1023444c2347-3b82a7c8eddc,0.5393,0.46222,0.44885,0.26864,0.2695930795814541,0.8928903937339783,0.43992841243743896,0.1165541261434555,0.8877040147781372,4.535439491271973,0.1384354531764984,1.0563530921936035,0.04379423335194588,0.0403343103826046,0.333390474319458,0.5857158303260803,0.11757262051105499,0.41724300384521484,0.36003848910331726,0.1492130607366562,423739.0,8474780.0,0.01698962040245533,0.9944196343421936,0.3340769410133362,0.4694845974445343,0.2834457457065582,0.24706964194774628,0.9068217277526855,0.7742058634757996,0.8988820314407349,6984557.0,0.16741038858890533,0.18363790214061737,104.63179779052734,203.00962829589844,2.517455577850342,0.014258999999999999,128.0,0,12797.56,603.31,9E8E15858AF0CDF136BC3BB8D6092FDEF905FDB68C54A11375C8464F5F777BA4,207036160,,,57958273024
55,formal,fdr_bpdd_ra_glgm-formal-seed0-1023444c2347-3b82a7c8eddc,0.54083,0.46839,0.45194,0.27071,0.2744732085904509,0.8730961084365845,0.4441358149051666,0.10975667834281921,0.9329440593719482,4.737358570098877,0.11217167973518372,0.9901143908500671,0.040298812091350555,0.03753403201699257,0.3343355059623718,0.5841541290283203,0.11653418838977814,0.40987104177474976,0.36016646027565,0.14048351347446442,409371.0,8187420.0,0.012357003055512905,0.9872544407844543,0.3377697467803955,0.4616783559322357,0.289404034614563,0.2489176094532013,0.903492271900177,0.7779240012168884,0.8988984823226929,6824957.0,0.1663500815629959,0.1832740157842636,101.14385223388672,235.1003875732422,2.3814170360565186,0.013961999999999999,128.0,0,11114.15,546.382,61F9F1A5F0B0095A468C29DBEF5FEDFA790E64EA36B2F7948255D9D2D4CD2025,207036352,/home/ubuntu/fdr-bpdd-ra-glgm/runs/formal-seed0-fdr_bpdd_ra_glgm-v1.1/weights/epoch54.pt,61F9F1A5F0B0095A468C29DBEF5FEDFA790E64EA36B2F7948255D9D2D4CD2025,57751035904
56,formal,fdr_bpdd_ra_glgm-formal-seed0-1023444c2347-3b82a7c8eddc,0.5461,0.46169,0.45154,0.26998,0.27436931955202737,0.8640251159667969,0.44551363587379456,0.1076464056968689,0.8423296809196472,4.279854774475098,0.12091030180454254,1.215529441833496,0.0758185014128685,0.03340902552008629,0.3337043523788452,0.5827881693840027,0.11247479170560837,0.39873990416526794,0.3601362109184265,0.13609567284584045,416878.0,8337560.0,0.014483274891972542,0.9969865679740906,0.33346477150917053,0.4679702818393707,0.28512856364250183,0.24690113961696625,0.9057259559631348,0.7762306332588196,0.8979305028915405,6940697.0,0.16737990081310272,0.1836768388748169,92.28799438476562,221.7255096435547,2.4543373584747314,0.013664999999999998,128.0,0,10492.53,587.19,5906AF33AF626140AC073013371F439C0F2B8EA2279FDA1484AD19606CAB514C,207036480,,,57750831104
57,formal,fdr_bpdd_ra_glgm-formal-seed0-1023444c2347-3b82a7c8eddc,0.54372,0.46948,0.4537,0.27323,0.276543584326343,0.8760107755661011,0.4439094662666321,0.11002924293279648,0.781467854976654,3.8810853958129883,0.16196775436401367,1.3511499166488647,0.050782714039087296,0.034954983741045,0.3310405910015106,0.5822257995605469,0.11540033668279648,0.4072593152523041,0.3606318235397339,0.14109191298484802,416913.0,8338260.0,0.01949387602508068,0.9881249666213989,0.3318961262702942,0.47182077169418335,0.2825824022293091,0.24559682607650757,0.9093184471130371,0.7734391093254089,0.8985602855682373,6915073.0,0.1681571751832962,0.18391649425029755,86.79635620117188,222.17349243164062,2.544801950454712,0.013367999999999998,128.0,0,13275.79,581.624,1E0EB446EA2ADFE2189DE79915290A6AF23AEBDA83894FA9C6026AEDC7BE2AAE,207036672,,,57750622208
58,formal,fdr_bpdd_ra_glgm-formal-seed0-1023444c2347-3b82a7c8eddc,0.54539,0.47218,0.4589,0.2759,0.2798469686609303,0.861588716506958,0.44442734122276306,0.10521692037582397,0.845053493976593,4.2458906173706055,0.10582251101732254,1.2074086666107178,0.06858410686254501,0.03098413720726967,0.33431893587112427,0.5786186456680298,0.11135402321815491,0.3904103636741638,0.36004889011383057,0.13088606297969818,412957.0,8259140.0,0.010568587109446526,0.999218761920929,0.3333539664745331,0.4609358012676239,0.28832823038101196,0.25073596835136414,0.9033048748970032,0.7779847979545593,0.8987684845924377,6907884.0,0.16705222427845,0.18413092195987701,127.97991943359375,201.8814239501953,2.718243360519409,0.013071000000000001,128.0,0,14167.82,591.091,AF1E56421FBB86FAB339FFFC1EC26595703161F7B1F6BC3CCD5BC759091AE3F5,207036864,,,57750425600
59,formal,fdr_bpdd_ra_glgm-formal-seed0-1023444c2347-3b82a7c8eddc,0.54362,0.47136,0.45663,0.2742,0.27819287120571456,0.8678280711174011,0.4419296383857727,0.10784900933504105,0.6947861313819885,3.4062774181365967,0.24808816611766815,1.6481478214263916,0.07041703909635544,0.050477635115385056,0.32762473821640015,0.5799614787101746,0.11473516374826431,0.4052763879299164,0.35961011052131653,0.13313300907611847,415958.0,8319160.0,0.02144833467900753,0.998816967010498,0.3302564024925232,0.4736456274986267,0.27808433771133423,0.24827003479003906,0.9107015132904053,0.773245096206665,0.902190089225769,6886828.0,0.1689029186964035,0.1845732182264328,103.4590072631836,230.11016845703125,2.7600443363189697,0.012774000000000002,128.0,0,10149.31,567.255,AD590FEF40807A794F4A7828320CA6C3A1D9E56921ABDA6ED29B60C1EA4A672C,207036992,,,57750237184
60,formal,fdr_bpdd_ra_glgm-formal-seed0-1023444c2347-3b82a7c8eddc,0.5405,0.47054,0.45808,0.27515,0.2799249318846607,0.8637173771858215,0.44255122542381287,0.10969724506139755,0.7728883028030396,3.8788363933563232,0.13630764186382294,1.3096588850021362,0.05247625336050987,0.05369437485933304,0.33274737000465393,0.5781254768371582,0.10891388356685638,0.3840217888355255,0.36141282320022583,0.13006317615509033,419748.0,8394960.0,0.027013318613171577,0.9931919574737549,0.33438801765441895,0.46995410323143005,0.28226223587989807,0.24778366088867188,0.9084979891777039,0.7730011940002441,0.8991029858589172,6970968.0,0.16778679192066193,0.18379460275173187,125.4920883178711,203.49224853515625,2.8136634826660156,0.012477,128.0,0,14366.28,558.516,60F77D3BA2C3A9D1D7F563158743D1DCB44486D4B111A2E6D0F5A71DF2357BD1,207037184,/home/ubuntu/fdr-bpdd-ra-glgm/runs/formal-seed0-fdr_bpdd_ra_glgm-v1.1/weights/epoch59.pt,60F77D3BA2C3A9D1D7F563158743D1DCB44486D4B111A2E6D0F5A71DF2357BD1,57543008256
61,formal,fdr_bpdd_ra_glgm-formal-seed0-1023444c2347-3b82a7c8eddc,0.5447,0.46873,0.45699,0.27488,0.2816506447685652,0.8463902473449707,0.44554251432418823,0.1044071763753891,0.8329797387123108,4.1552910804748535,0.1191277801990509,1.2592742443084717,0.04937335476279259,0.04248668625950813,0.33081525564193726,0.5786586403846741,0.10993511229753494,0.3860253393650055,0.3599691390991211,0.1253501921892166,417504.0,8350080.0,0.01793704740703106,0.9982588887214661,0.33128076791763306,0.46884816884994507,0.28620144724845886,0.24495038390159607,0.9076725840568542,0.7777106165885925,0.897331178188324,6907750.0,0.1674308180809021,0.18364407122135162,122.64230346679688,263.56402587890625,2.9014694690704346,0.01218,128.0,0,13529.87,475.053,437E2371E9AA9C26B66F5C1BBF0DF8F3DFDBDA748185C7735714CAF9E32B7603,207037376,,,57542815744
62,formal,fdr_bpdd_ra_glgm-formal-seed0-1023444c2347-3b82a7c8eddc,0.54901,0.47411,0.45991,0.27702,0.28117224631934157,0.8363108038902283,0.44812798500061035,0.10150892287492752,0.8626371622085571,4.38820219039917,0.09807737171649933,1.1307827234268188,0.03864379599690437,0.033234477043151855,0.33126258850097656,0.5751726031303406,0.10568675398826599,0.3702840805053711,0.36202454566955566,0.11780805885791779,408011.0,8160220.0,0.010267795994877815,0.9978125095367432,0.3336229920387268,0.46967482566833496,0.2867397665977478,0.24358540773391724,0.908218264579773,0.7779971957206726,0.8967025876045227,6845336.0,0.16716255247592926,0.1831432282924652,121.62808990478516,187.4855194091797,2.852801561355591,0.011883,128.0,0,10690.23,583.36,A57F4CB1A851A950603906E846E2E4BF2E5E3A0CD5D58AB7060FED26B1E58C0D,207037568,,,57542619136
63,formal,fdr_bpdd_ra_glgm-formal-seed0-1023444c2347-3b82a7c8eddc,0.55391,0.47722,0.46083,0.27584,0.278073409923429,0.8449724912643433,0.4434879720211029,0.10096216946840286,0.5985579490661621,2.9515724182128906,0.37687939405441284,1.836080551147461,0.07492725551128387,0.047628313302993774,0.3299557566642761,0.5747112035751343,0.10685156285762787,0.37416958808898926,0.3607754707336426,0.12150309979915619,419949.0,8398980.0,0.026843583211302757,0.9975000023841858,0.3306638300418854,0.4657594561576843,0.2877562940120697,0.24648424983024597,0.9073054790496826,0.7797529101371765,0.8989747762680054,6945961.0,0.16716459393501282,0.1837054044008255,121.14701843261719,234.40533447265625,2.877228021621704,0.011585999999999999,128.0,0,12755.03,562.613,8E02293C3F1EEABE4B6FC37835A2CA0BC89A90CA6BC13E2FC1B67256B0771D80,207037696,,,57542418432
64,formal,fdr_bpdd_ra_glgm-formal-seed0-1023444c2347-3b82a7c8eddc,0.56313,0.46968,0.46219,0.27778,0.28197379867251515,0.8412164449691772,0.4448382556438446,0.10311509668827057,0.7948818206787109,4.002019882202148,0.1539878398180008,1.2621800899505615,0.04907428100705147,0.0511980876326561,0.32998815178871155,0.5731680989265442,0.10698080062866211,0.37775444984436035,0.3606902062892914,0.1211823970079422,418280.0,8365600.0,0.016739489510655403,0.9987276792526245,0.3298390805721283,0.4690914452075958,0.2863544225692749,0.24455413222312927,0.9083771705627441,0.7765681147575378,0.8995507955551147,6934473.0,0.16761058568954468,0.18362556397914886,118.51397705078125,239.41038513183594,3.3656210899353027,0.011289,128.0,0,15490.05,604.816,DA0BFDDD7E1D48786DDE154802A0D0612D136EA6C525600DBA9041207BFB14A0,207037888,,,57542225920
65,formal,fdr_bpdd_ra_glgm-formal-seed0-1023444c2347-3b82a7c8eddc,0.55912,0.48084,0.46629,0.27962,0.2831697019310745,0.8431787490844727,0.4423770010471344,0.10169041901826859,0.8334479331970215,4.203834533691406,0.13883081078529358,1.286657452583313,0.05405328795313835,0.02821536920964718,0.329277902841568,0.573017418384552,0.10681013017892838,0.3787943720817566,0.36116570234298706,0.12331534922122955,425804.0,8516080.0,0.014627562835812569,0.9670981764793396,0.3291398584842682,0.4713115990161896,0.28528374433517456,0.24340467154979706,0.9081975817680359,0.7782341241836548,0.898135244846344,7035855.0,0.16779153048992157,0.183627188205719,89.26177978515625,202.44244384765625,2.7255494594573975,0.010992,128.0,0,13299.52,589.469,84D4A37A2990C7E28D337BAC0CA9F17848281C98FDF8C198AF8F62F1630D8B6B,207038080,/home/ubuntu/fdr-bpdd-ra-glgm/runs/formal-seed0-fdr_bpdd_ra_glgm-v1.1/weights/epoch64.pt,84D4A37A2990C7E28D337BAC0CA9F17848281C98FDF8C198AF8F62F1630D8B6B,57334996992
66,formal,fdr_bpdd_ra_glgm-formal-seed0-1023444c2347-3b82a7c8eddc,0.55943,0.48,0.46758,0.28059,0.2831907551896979,0.8264524340629578,0.44709259271621704,0.09748470783233643,0.9500895142555237,4.832080364227295,0.08538737893104553,0.9260172247886658,0.03027379885315895,0.05094551295042038,0.3265746533870697,0.5722683668136597,0.10204615443944931,0.35943862795829773,0.35986799001693726,0.11184993386268616,413028.0,8260560.0,0.016654008999466896,0.997276782989502,0.3294694423675537,0.46915319561958313,0.28148338198661804,0.24936342239379883,0.9110956192016602,0.7762196063995361,0.9008198380470276,6875074.0,0.16846740245819092,0.18468330800533295,135.75390625,191.3316650390625,3.219118356704712,0.010695,128.0,0,11966.83,481.598,0B159ADA7FCC54461CBDAEA045F9157193BD4F4962B8A9BEB2220D396981479A,207038208,,,57334800384
67,formal,fdr_bpdd_ra_glgm-formal-seed0-1023444c2347-3b82a7c8eddc,0.55933,0.47686,0.46622,0.2798,0.28285997086861076,0.8386602401733398,0.4421445429325104,0.10148537158966064,0.7084127068519592,3.5078420639038086,0.13893233239650726,1.558500051498413,0.07941155880689621,0.0585826076567173,0.3270891308784485,0.5723603367805481,0.10561704635620117,0.3719485402107239,0.36086297035217285,0.12064512073993683,422536.0,8450720.0,0.021919384598731995,0.9991741180419922,0.3294346332550049,0.4691751301288605,0.2855128347873688,0.24531203508377075,0.9101957678794861,0.7804494500160217,0.8982774615287781,6970510.0,0.16812078654766083,0.18406681716442108,112.20796966552734,194.58453369140625,4.250041484832764,0.010398,128.0,0,14744.34,467.575,E424F5ED8D9F5A4EF606A90413C0A2F61E245D67D8BB0C8E46592801347B35E3,207038400,,,57334591488
68,formal,fdr_bpdd_ra_glgm-formal-seed0-1023444c2347-3b82a7c8eddc,0.56575,0.47258,0.46727,0.28111,0.2862678019812835,0.8227828145027161,0.4443393647670746,0.0954120010137558,0.6460558176040649,3.1452174186706543,0.25870904326438904,1.7336009740829468,0.09390522539615631,0.05649435892701149,0.3239830434322357,0.5723441243171692,0.10472410172224045,0.3682446777820587,0.3589382469654083,0.11267029494047165,416407.0,8328140.0,0.03178897127509117,0.9983258843421936,0.3239668905735016,0.47100019454956055,0.2861776053905487,0.24282218515872955,0.9103045463562012,0.7829070091247559,0.8983849883079529,6913462.0,0.16801322996616364,0.18397384881973267,117.25416564941406,169.8172149658203,3.1886136531829834,0.010100999999999997,128.0,0,14282.16,458.053,8E0BD2214F3782247E1CA5D4174B02112A146B4674CE093666F34A2D1227422A,207038592,,,57334407168
69,formal,fdr_bpdd_ra_glgm-formal-seed0-1023444c2347-3b82a7c8eddc,0.56011,0.4811,0.47085,0.2832,0.28832869141295536,0.8212278485298157,0.4450785517692566,0.0980643704533577,0.9485854506492615,4.8252458572387695,0.0659601166844368,0.8464952111244202,0.037060633301734924,0.03623301908373833,0.32659560441970825,0.5692055225372314,0.10161745548248291,0.355716735124588,0.35993537306785583,0.11070623248815536,416250.0,8325000.0,0.011194848455488682,0.9965624809265137,0.32793128490448,0.4650819003582001,0.28385820984840393,0.2510598599910736,0.9099297523498535,0.7778099775314331,0.9005954265594482,6898458.0,0.1682099997997284,0.18488523364067078,97.56204223632812,241.73414611816406,2.8906121253967285,0.009803999999999998,128.0,0,10958.73,463.908,507193981DD7A22B2E0A812E89662ACBF73189C9FD32FEE7A3764A4397D36DA3,207038720,,,57334210560
70,formal,fdr_bpdd_ra_glgm-formal-seed0-1023444c2347-3b82a7c8eddc,0.55239,0.48608,0.46639,0.28016,0.28476990240395483,0.813130259513855,0.4464394450187683,0.09518180042505264,0.8747758865356445,4.444498538970947,0.12105707824230194,1.088230848312378,0.04855235293507576,0.03661566600203514,0.32303574681282043,0.5668466091156006,0.09835747629404068,0.3454412519931793,0.36093613505363464,0.10486195236444473,412487.0,8249740.0,0.01595349982380867,0.9975000023841858,0.3224923610687256,0.46208423376083374,0.2864893972873688,0.2514263987541199,0.9096245169639587,0.7822942733764648,0.9025590419769287,6882412.0,0.16825376451015472,0.18534599244594574,111.50975799560547,173.00155639648438,3.5445609092712402,0.009507000000000002,128.0,0,11896.22,461.462,4EAAF4477ADC1CE797D52147E30F40217893E8F871282BDB013C2A509330936C,207038912,/home/ubuntu/fdr-bpdd-ra-glgm/runs/formal-seed0-fdr_bpdd_ra_glgm-v1.1/weights/epoch69.pt,4EAAF4477ADC1CE797D52147E30F40217893E8F871282BDB013C2A509330936C,57126981632
71,formal,fdr_bpdd_ra_glgm-formal-seed0-1023444c2347-3b82a7c8eddc,0.56449,0.48158,0.47089,0.28194,0.285741199560036,0.8121199011802673,0.4439800977706909,0.09711845964193344,0.961659848690033,4.8640875816345215,0.08013155311346054,0.9577426314353943,0.023006780073046684,0.04323965311050415,0.32340264320373535,0.5684492588043213,0.0991935133934021,0.35065555572509766,0.35955047607421875,0.10762657970190048,424754.0,8495080.0,0.015981515869498253,0.9948214292526245,0.3253883123397827,0.4694705307483673,0.2850910723209381,0.24543841183185577,0.9110988974571228,0.7807014584541321,0.9002837538719177,7006165.0,0.16828876733779907,0.18432439863681793,134.73928833007812,264.89874267578125,2.8724355697631836,0.009210000000000001,128.0,0,12299.3,461.816,86E106B723FE92CDD46E29D996F007A393E9C36F7AB6F51E627574F78FF1CD06,207039104,,,57126793216
72,formal,fdr_bpdd_ra_glgm-formal-seed0-1023444c2347-3b82a7c8eddc,0.56994,0.47478,0.47085,0.28208,0.286228894997808,0.8047478199005127,0.4470652639865875,0.09283143281936646,0.722156286239624,3.6680872440338135,0.14292113482952118,1.4610064029693604,0.09698615968227386,0.05966213718056679,0.322521835565567,0.5646013021469116,0.09508886933326721,0.3329163193702698,0.3598285913467407,0.0955720767378807,417751.0,8355020.0,0.018233029171824455,0.9973883628845215,0.32447171211242676,0.46997565031051636,0.2848808169364929,0.24514351785182953,0.911164402961731,0.782199501991272,0.9009904265403748,6944732.0,0.1682492345571518,0.184319868683815,113.12325286865234,143.228271484375,3.486910820007324,0.008913,128.0,0,18138.15,460.661,C6263E628F329C30004608C262852488399FD08A2ACCAEDFE06ABC2DF2147F82,207039296,,,57126596608
73,formal,fdr_bpdd_ra_glgm-formal-seed0-1023444c2347-3b82a7c8eddc,0.56801,0.4783,0.47258,0.28184,0.2836755925836098,0.8086327314376831,0.44482722878456116,0.09427071362733841,0.8277927041053772,4.151278495788574,0.08312543481588364,1.2508087158203125,0.07840162515640259,0.0570344552397728,0.3226456642150879,0.5661208033561707,0.09658661484718323,0.3365252614021301,0.35788848996162415,0.09765935689210892,416006.0,8320120.0,0.013685409910976887,0.9965624809265137,0.3272973299026489,0.46588626503944397,0.28974583745002747,0.24436789751052856,0.9093050360679626,0.7861003279685974,0.9018310904502869,6882684.0,0.16715435683727264,0.18369565904140472,107.4412841796875,276.7823486328125,3.2390599250793457,0.008616,128.0,0,10718.05,460.97,D71F571B9A3A2A3E90F5CE60526491E9A7BDCE269592BD3652FC9D86CE72E5C0,207039424,,,57126412288
74,formal,fdr_bpdd_ra_glgm-formal-seed0-1023444c2347-3b82a7c8eddc,0.56954,0.48058,0.47147,0.28282,0.28766079039546233,0.8036859035491943,0.4454134404659271,0.09349685162305832,0.9560105800628662,4.813460826873779,0.08296680450439453,0.9274862408638,0.030277805402874947,0.03862793743610382,0.3206622302532196,0.5644463300704956,0.09481364488601685,0.3316363990306854,0.3587765097618103,0.095977783203125,421602.0,8432040.0,0.01405851636081934,0.9879687428474426,0.3214912414550781,0.4720020592212677,0.28501734137535095,0.24298062920570374,0.9122089147567749,0.7830370664596558,0.901444137096405,6944455.0,0.16866204142570496,0.184340238571167,116.12114715576172,267.8905029296875,3.546377658843994,0.008319000000000002,128.0,0,14263.09,460.526,889DD8CB7A797845FF768AB04C241DEF5EA2EF3999093FF76B7DBBC71535CA14,207039616,,,57126227968
75,formal,fdr_bpdd_ra_glgm-formal-seed0-1023444c2347-3b82a7c8eddc,0.56343,0.48027,0.47215,0.28275,0.28600943853257627,0.796533465385437,0.44688841700553894,0.09178172796964645,0.8225664496421814,4.183816432952881,0.11096784472465515,1.2354278564453125,0.07642709463834763,0.05298968404531479,0.32084718346595764,0.563468337059021,0.09466351568698883,0.330945760011673,0.3585467040538788,0.09247767180204391,413797.0,8275940.0,0.013532430864870548,0.9831473231315613,0.32348859310150146,0.4695253372192383,0.2884673476219177,0.2420073002576828,0.9117013812065125,0.7873945832252502,0.8992976546287537,6905395.0,0.16773955523967743,0.18378032743930817,143.07147216796875,276.0543518066406,4.26361083984375,0.008022000000000001,128.0,0,15167.31,458.236,5666C8C1095CE4B2EC1A5157AD90712900BFAA06F3ECDCF5CB00BFE3D3A4A1D4,207039808,/home/ubuntu/fdr-bpdd-ra-glgm/runs/formal-seed0-fdr_bpdd_ra_glgm-v1.1/weights/epoch74.pt,5666C8C1095CE4B2EC1A5157AD90712900BFAA06F3ECDCF5CB00BFE3D3A4A1D4,56918994944
76,formal,fdr_bpdd_ra_glgm-formal-seed0-1023444c2347-3b82a7c8eddc,0.56489,0.48362,0.47148,0.28306,0.2872912966273643,0.7853186726570129,0.44995638728141785,0.08866701275110245,0.9018085598945618,4.584166526794434,0.13152772188186646,0.9434677958488464,0.02358492836356163,0.037418533116579056,0.3245662450790405,0.559108555316925,0.08866386860609055,0.3088221848011017,0.35970497131347656,0.08837514370679855,412454.0,8249080.0,0.01836402341723442,0.9978348016738892,0.3221908211708069,0.46745559573173523,0.2852257490158081,0.24731867015361786,0.9111459255218506,0.7797138094902039,0.9018068909645081,6842419.0,0.1684887856245041,0.184834286570549,117.6739730834961,295.4800720214844,3.3038077354431152,0.007725,128.0,0,10725.86,453.908,C1C48F328B3FDF9F62A9FEB01BF39DEDA2E374110F5B9846341571DE5C52061E,207039936,,,56918814720
77,formal,fdr_bpdd_ra_glgm-formal-seed0-1023444c2347-3b82a7c8eddc,0.56776,0.48317,0.47181,0.28244,0.28643359906329957,0.80373215675354,0.445095956325531,0.09290491789579391,0.7398647665977478,3.6967365741729736,0.2167317122220993,1.478042483329773,0.04816826805472374,0.06366004049777985,0.32060641050338745,0.5614700317382812,0.09143855422735214,0.32056012749671936,0.3586210012435913,0.0958804339170456,424516.0,8490320.0,0.027670279145240784,0.9974330067634583,0.32169124484062195,0.4729050099849701,0.28098636865615845,0.24610862135887146,0.9123581051826477,0.7814812660217285,0.9016582369804382,6999393.0,0.16911683976650238,0.18476977944374084,116.65948486328125,216.97743225097656,3.742946147918701,0.007428,128.0,0,12711.53,456.879,173D441AE25E734789F36B4CECF7BAAC24DA6FBFD43523029DD62157126E5DFA,207040128,,,56918614016
78,formal,fdr_bpdd_ra_glgm-formal-seed0-1023444c2347-3b82a7c8eddc,0.56835,0.48147,0.47366,0.28457,0.28966675800573816,0.8031495213508606,0.44317150115966797,0.09086138010025024,0.6341592669487,3.107043504714966,0.36596131324768066,1.7962301969528198,0.09610408544540405,0.04363613203167915,0.3175342381000519,0.5595937371253967,0.09014647454023361,0.3173055946826935,0.3586522340774536,0.09179431200027466,420966.0,8419320.0,0.016882380470633507,0.9896205067634583,0.31928542256355286,0.4767346978187561,0.28061285614967346,0.24265246093273163,0.9139204025268555,0.7806990742683411,0.903980553150177,6922217.0,0.16963417828083038,0.18467038869857788,130.54103088378906,217.90878295898438,3.7216310501098633,0.007130999999999999,128.0,0,13647.68,457.832,6DFEA14CE448D5A79D9CAE0AEE6914F0FE96240854E01CAF7FFEECCEAE60CC29,207040320,,,56918421504
79,formal,fdr_bpdd_ra_glgm-formal-seed0-1023444c2347-3b82a7c8eddc,0.56558,0.48524,0.47479,0.28427,0.28759408913813017,0.7775986790657043,0.44746580719947815,0.08559922128915787,0.937010645866394,4.739484786987305,0.09922564029693604,0.9969308376312256,0.026439296081662178,0.054322391748428345,0.32182037830352783,0.5580453872680664,0.08901996910572052,0.30982130765914917,0.35792067646980286,0.0811316967010498,413387.0,8267740.0,0.018874213099479675,0.9971204996109009,0.3196127116680145,0.4706573188304901,0.28424903750419617,0.24509365856647491,0.9137120842933655,0.7818227410316467,0.9004372954368591,6891700.0,0.16880524158477783,0.1847623586654663,115.010986328125,208.33860778808594,4.0712571144104,0.006833999999999999,128.0,0,11933.06,453.705,721561C742D92D9AC05C1D57CD66AD6212412D8B66E50B2B9BBFCFA9CBCCC495,207040512,,,56918237184
80,formal,fdr_bpdd_ra_glgm-formal-seed0-1023444c2347-3b82a7c8eddc,0.56076,0.48959,0.47447,0.28537,0.2909410844610044,0.779189944267273,0.4453836679458618,0.08804125338792801,0.8946033120155334,4.500725269317627,0.12200306355953217,1.091338038444519,0.02564665675163269,0.061706386506557465,0.31741198897361755,0.5568972826004028,0.08626256883144379,0.30197378993034363,0.3586130738258362,0.08384469896554947,418562.0,8371240.0,0.017715593799948692,0.9956026673316956,0.3220471739768982,0.4666116237640381,0.2856902778148651,0.247698113322258,0.9133462309837341,0.7854782342910767,0.9029514193534851,6936799.0,0.16839468479156494,0.18486395478248596,134.49249267578125,314.45074462890625,3.8920793533325195,0.006536999999999999,128.0,0,13383.42,456.712,46B27F4AFF43B91AC71E7993411202D983CA9321ACCAF390D20456CC7EB733E1,207040640,/home/ubuntu/fdr-bpdd-ra-glgm/runs/formal-seed0-fdr_bpdd_ra_glgm-v1.1/weights/epoch79.pt,46B27F4AFF43B91AC71E7993411202D983CA9321ACCAF390D20456CC7EB733E1,56710991872
81,formal,fdr_bpdd_ra_glgm-formal-seed0-1023444c2347-3b82a7c8eddc,0.5606,0.49112,0.47814,0.28619,0.28913519198176185,0.7798925042152405,0.4459914267063141,0.08600576967000961,0.9671478867530823,4.913372993469238,0.09813205897808075,0.9363977909088135,0.027250638231635094,0.0466739721596241,0.32020777463912964,0.5543289184570312,0.0841732770204544,0.2924732267856598,0.3600270748138428,0.08111359179019928,413196.0,8263920.0,0.012593228369951248,0.995491087436676,0.3207777738571167,0.4671984314918518,0.28309401869773865,0.24970753490924835,0.9123906493186951,0.7825887799263,0.9029750823974609,6867630.0,0.1690366417169571,0.18537525832653046,142.31838989257812,311.2066650390625,4.9718475341796875,0.006239999999999999,128.0,0,12602.95,459.43,7D96E49F12CD0CEB9881AD89C9C0CD72265AEDA70BE609BAACD5B0727F03B777,207040832,,,56710803456
82,formal,fdr_bpdd_ra_glgm-formal-seed0-1023444c2347-3b82a7c8eddc,0.57705,0.48355,0.47714,0.28572,0.2913612707126014,0.7752140760421753,0.4472616910934448,0.08416152000427246,0.8967198729515076,4.512258052825928,0.08051654696464539,1.0511397123336792,0.03522936999797821,0.0690530315041542,0.31954631209373474,0.5521048307418823,0.08032350987195969,0.27881062030792236,0.35786885023117065,0.07683165371417999,416680.0,8333600.0,0.014562604017555714,0.999419629573822,0.3236270546913147,0.4691501259803772,0.28472575545310974,0.24612408876419067,0.9126717448234558,0.7830765843391418,0.9022744297981262,6924958.0,0.16859665513038635,0.1846051812171936,92.8530502319336,128.98358154296875,3.4763097763061523,0.005942999999999998,128.0,0,11529.56,589.233,51D18C78EB1C0647E4D16A9B796D6BC69DD83A6C47EB0FFE4F6DA590DBAD41FE,207041024,,,56710619136
83,formal,fdr_bpdd_ra_glgm-formal-seed0-1023444c2347-3b82a7c8eddc,0.57172,0.48944,0.47741,0.28669,0.29297217863178593,0.7693402171134949,0.44797688722610474,0.08322206884622574,1.0240005254745483,5.201000690460205,0.08375181257724762,0.716143012046814,0.016174286603927612,0.03285800665616989,0.31917136907577515,0.551841139793396,0.08230254799127579,0.2873634696006775,0.3579096496105194,0.07985325157642365,418931.0,8378620.0,0.010906157083809376,0.9992856979370117,0.31984373927116394,0.4715823531150818,0.28404250741004944,0.24437513947486877,0.9133699536323547,0.7842205762863159,0.9017794132232666,6910846.0,0.16920733451843262,0.1848987638950348,96.55968475341797,291.4677734375,3.732898235321045,0.005646000000000002,128.0,0,16475.59,504.351,61E717CC1447C4F6AC29086C226A9A7057C9EA4FF2CB19E5B0C8D68F8531A7B3,207041152,,,56710410240
84,formal,fdr_bpdd_ra_glgm-formal-seed0-1023444c2347-3b82a7c8eddc,0.57668,0.4861,0.47705,0.28586,0.29115475860990364,0.7663313150405884,0.44758689403533936,0.08357902616262436,0.9119288325309753,4.644438743591309,0.0778103843331337,0.9200844764709473,0.027685996145009995,0.0497872531414032,0.31788530945777893,0.5525577664375305,0.08263543248176575,0.28894609212875366,0.3590131103992462,0.07663611322641373,418057.0,8361140.0,0.014628118835389614,0.9985491037368774,0.32086023688316345,0.4680623710155487,0.2868230938911438,0.2451145350933075,0.9137712717056274,0.7850162982940674,0.9025530815124512,6923184.0,0.16842453181743622,0.18457742035388947,107.81954956054688,200.67466735839844,3.9275333881378174,0.005349000000000001,128.0,0,11425.33,616.543,83F13A59F08D9F5435A6B9C8D2F9F05DF1C55C865703D1FF422F524E5274A41C,207041344,,,56701820928
85,formal,fdr_bpdd_ra_glgm-formal-seed0-1023444c2347-3b82a7c8eddc,0.57098,0.48924,0.4783,0.28634,0.2902104073938563,0.7565299272537231,0.44936612248420715,0.07991362363100052,0.9782390594482422,4.976977348327637,0.07791797071695328,0.7872516512870789,0.01786784827709198,0.05147697031497955,0.31532928347587585,0.5466213822364807,0.077244833111763,0.2671012580394745,0.3601575791835785,0.07220806181430817,410363.0,8207260.0,0.012681563384830952,0.9992634057998657,0.3188229203224182,0.4680646061897278,0.28416112065315247,0.24777425825595856,0.9147714376449585,0.7848194241523743,0.9038132429122925,6880392.0,0.1689896285533905,0.18521474301815033,89.85527801513672,313.6468811035156,3.965550661087036,0.005052000000000001,128.0,0,10461.59,451.491,00AF0BE93D79C2D2FF4805D1AEFC2E05C5FAB005036B98C39A8D15223C2BC2E6,207041536,/home/ubuntu/fdr-bpdd-ra-glgm/runs/formal-seed0-fdr_bpdd_ra_glgm-v1.1/weights/epoch84.pt,00AF0BE93D79C2D2FF4805D1AEFC2E05C5FAB005036B98C39A8D15223C2BC2E6,56494587904
86,formal,fdr_bpdd_ra_glgm-formal-seed0-1023444c2347-3b82a7c8eddc,0.5751,0.48862,0.47905,0.28597,0.28938255935184315,0.7715833783149719,0.44673630595207214,0.08575957268476486,1.003702163696289,5.04873514175415,0.07935576885938644,0.8389301896095276,0.024798156693577766,0.045878808945417404,0.3153369426727295,0.5456034541130066,0.07516000419855118,0.26230138540267944,0.35865360498428345,0.07328826934099197,418057.0,8361140.0,0.014184518717229366,1.0,0.31611207127571106,0.4752713441848755,0.28098222613334656,0.24374641478061676,0.9148895740509033,0.7822962999343872,0.9042020440101624,6873545.0,0.17000404000282288,0.1851877123117447,107.25953674316406,236.99375915527344,3.9962570667266846,0.0047550000000000005,128.0,0,12671.69,469.077,D8B84BC277037B917BAF41EAB2EE577FAF09CC7402916DA3F06ADE80E296F18B,207041664,,,56494403584
87,formal,fdr_bpdd_ra_glgm-formal-seed0-1023444c2347-3b82a7c8eddc,0.574,0.49063,0.48002,0.28696,0.2905628108333029,0.7544600963592529,0.44716647267341614,0.08251950144767761,0.9480704665184021,4.830554962158203,0.08859073370695114,0.8183189034461975,0.02368246763944626,0.055657435208559036,0.3138085603713989,0.5431125164031982,0.0733739584684372,0.2562907934188843,0.3607853353023529,0.0702367052435875,418230.0,8364600.0,0.020255200564861298,0.9998214244842529,0.3186001479625702,0.46951064467430115,0.2840520739555359,0.24643728137016296,0.9152745008468628,0.7872479557991028,0.9037541151046753,6913053.0,0.16919094324111938,0.18512557446956635,123.1722640991211,311.1083068847656,4.026448726654053,0.004458,128.0,0,9926.43,611.87,6C395928AD5A4A8645CFBA62DB34D77571BB38155BD5A262AD422FEC900FB4FF,207041856,,,56494194688
88,formal,fdr_bpdd_ra_glgm-formal-seed0-1023444c2347-3b82a7c8eddc,0.57357,0.48978,0.4808,0.28723,0.2914750970404791,0.7528688907623291,0.44736823439598083,0.0792178064584732,0.8888911604881287,4.5058159828186035,0.10316372662782669,1.0531964302062988,0.02659629099071026,0.05794213339686394,0.315245658159256,0.5411313772201538,0.07134959846735,0.24681517481803894,0.359864741563797,0.06750400364398956,414720.0,8294400.0,0.021029097959399223,0.9979240894317627,0.31698766350746155,0.46666038036346436,0.283031702041626,0.25030791759490967,0.9149550795555115,0.7832515239715576,0.9061090350151062,6927044.0,0.16934596002101898,0.18579983711242676,109.14298248291016,361.1211242675781,4.795912265777588,0.004161000000000001,128.0,0,14808.27,638.195,77EF7AF7EF2695D9E0255CBAE5CC864B86B408417CE187EE6963A06D65C8816B,207042048,,,56493993984
89,formal,fdr_bpdd_ra_glgm-formal-seed0-1023444c2347-3b82a7c8eddc,0.58249,0.48487,0.48057,0.28733,0.291376710213166,0.7550656199455261,0.445371150970459,0.07890830188989639,1.011017084121704,5.144601345062256,0.08646629005670547,0.6809308528900146,0.014916294254362583,0.04466942325234413,0.3157386779785156,0.541922926902771,0.07365521043539047,0.2560529112815857,0.35979846119880676,0.06794171780347824,418658.0,8373160.0,0.014527828432619572,0.9873437285423279,0.3176508843898773,0.4678051769733429,0.28333088755607605,0.24886395037174225,0.9156572222709656,0.7839041352272034,0.9023792743682861,6916514.0,0.1694079041481018,0.18564289808273315,135.6951141357422,224.33702087402344,4.558221817016602,0.003864,128.0,0,11084.75,601.656,4105D39AB5FDD84ED6E5288C2B49A098F264AADC5ABD079C0334180B1A664F0A,207042240,,,56493801472
90,formal,fdr_bpdd_ra_glgm-formal-seed0-1023444c2347-3b82a7c8eddc,0.57631,0.48702,0.47963,0.28698,0.292674625811521,0.7506784200668335,0.44853442907333374,0.07915560901165009,0.9156035780906677,4.634120941162109,0.10047716647386551,1.041033387184143,0.016695348545908928,0.07049722969532013,0.3158096969127655,0.532931387424469,0.06550721079111099,0.22705857455730438,0.36133620142936707,0.0625491514801979,412532.0,8250640.0,0.022037304937839508,0.9993526935577393,0.31698933243751526,0.46349242329597473,0.28517431020736694,0.2513332664966583,0.913262665271759,0.7871000170707703,0.9034496545791626,6867165.0,0.16913411021232605,0.18590053915977478,110.87246704101562,287.09381103515625,4.33439826965332,0.003566999999999999,128.0,0,15749.68,468.276,E6ECD689D6A24C3FC4B94C3BC8DEBB5F66F80F322553A609EB87ACF1E29A85C0,207042368,/home/ubuntu/fdr-bpdd-ra-glgm/runs/formal-seed0-fdr_bpdd_ra_glgm-v1.1/weights/epoch89.pt,E6ECD689D6A24C3FC4B94C3BC8DEBB5F66F80F322553A609EB87ACF1E29A85C0,56286244864
91,formal,fdr_bpdd_ra_glgm-formal-seed0-1023444c2347-3b82a7c8eddc,0.57582,0.48683,0.48001,0.28686,0.2921752574889624,0.634835958480835,0.46763330698013306,0.05446387454867363,1.010229229927063,5.116443634033203,0.05242962762713432,0.7310969829559326,0.011779958382248878,0.04963883012533188,0.3117083013057709,0.5270548462867737,0.057776909321546555,0.19290511310100555,0.3581726849079132,0.03925392031669617,294818.0,5896360.0,0.013920290395617485,0.9990848302841187,0.30888551473617554,0.40890732407569885,0.2940378785133362,0.29705479741096497,0.9034892916679382,0.7948685884475708,0.916242241859436,5445625.0,0.16797056794166565,0.19036707282066345,168.3133087158203,223.134765625,4.935850143432617,0.003269999999999999,128.0,0,17335.21,457.868,44A5B4E520968BFA4EF7DC45E791F371BAE544B25ADA6935650D72EF6FE3045D,207042560,,,56284471296
92,formal,fdr_bpdd_ra_glgm-formal-seed0-1023444c2347-3b82a7c8eddc,0.58049,0.48338,0.48003,0.28659,0.2902054079471333,0.6316112875938416,0.46713051199913025,0.053933896124362946,1.073531150817871,5.394175052642822,0.049788590520620346,0.7246606349945068,0.013122467324137688,0.05483749136328697,0.3088303506374359,0.5254997611045837,0.05559695512056351,0.18603847920894623,0.3567194640636444,0.03842296451330185,294950.0,5899000.0,0.0100058289244771,0.9990401864051819,0.30676600337028503,0.40922093391418457,0.29114022850990295,0.2996388375759125,0.9063487648963928,0.7939308285713196,0.9172332882881165,5439008.0,0.16870485246181488,0.19104686379432678,158.01795959472656,245.23342895507812,5.249056816101074,0.002972999999999999,128.0,0,13154.41,453.847,61B8896CCE857DEC78A43A89F874E7D1FAD038B31126999709A4404A19095D5E,207042752,,,56284278784
93,formal,fdr_bpdd_ra_glgm-formal-seed0-1023444c2347-3b82a7c8eddc,0.57505,0.48418,0.4781,0.28541,0.2882758362836088,0.6301219463348389,0.46611353754997253,0.05364573746919632,1.042130708694458,5.2358078956604,0.052856698632240295,0.7157846689224243,0.011974355205893517,0.025536326691508293,0.30976545810699463,0.524275004863739,0.054108306765556335,0.1816737949848175,0.3563169538974762,0.038206443190574646,296029.0,5920580.0,0.004480993840843439,0.9995312690734863,0.3095387816429138,0.4127977192401886,0.29468265175819397,0.29251962900161743,0.905626118183136,0.7962608933448792,0.916607141494751,5435454.0,0.1676958054304123,0.18987391889095306,130.88198852539062,256.1990966796875,5.165312767028809,0.0026759999999999987,128.0,0,17176.55,453.241,026C8B833D3F66C8A08A9D7E4031060D7EE95F3FECF0A2D93D8F9A7A041377FD,207042880,,,56284078080
94,formal,fdr_bpdd_ra_glgm-formal-seed0-1023444c2347-3b82a7c8eddc,0.57297,0.48546,0.47819,0.28523,0.28789234576232825,0.6251105666160583,0.4655998647212982,0.05298095941543579,0.9975660443305969,5.0442304611206055,0.08418247848749161,0.7259768843650818,0.008572381921112537,0.04707686975598335,0.30635303258895874,0.522719144821167,0.053254615515470505,0.17868882417678833,0.35622894763946533,0.03667176887392998,294681.0,5893620.0,0.013507387600839138,0.9993749856948853,0.3082183301448822,0.4085649251937866,0.295451283454895,0.29598379135131836,0.9066972136497498,0.7997756600379944,0.9155083894729614,5438230.0,0.1677687168121338,0.19027718901634216,153.9979248046875,293.7516784667969,5.013722896575928,0.0023789999999999983,128.0,0,15509.88,439.093,6E71008F695218CAE74C9C81F533955CB5C3281D13DB80778190CC86D767ADAD,207043072,,,56283881472
95,formal,fdr_bpdd_ra_glgm-formal-seed0-1023444c2347-3b82a7c8eddc,0.57414,0.48538,0.47956,0.28572,0.2888402984834516,0.6247292757034302,0.46567001938819885,0.05253472179174423,1.0150690078735352,5.155993938446045,0.05021364986896515,0.6120927333831787,0.012916290201246738,0.04586389660835266,0.30888497829437256,0.5210494995117188,0.05282193422317505,0.1773298978805542,0.35769781470298767,0.03545614331960678,294558.0,5891160.0,0.011224133893847466,0.9996651411056519,0.3131461441516876,0.41061535477638245,0.29417285323143005,0.2952117919921875,0.9065186977386475,0.7942690849304199,0.9172561764717102,5423740.0,0.16782155632972717,0.19002611935138702,145.3952178955078,230.0625,4.993274211883545,0.0020820000000000014,128.0,0,16446.09,439.333,45EE4814BB66F5CFE290CA5F6D0BC5AFAEB8D76C12AB2A4B12F6EC80C31EA6EF,207043264,/home/ubuntu/fdr-bpdd-ra-glgm/runs/formal-seed0-fdr_bpdd_ra_glgm-v1.1/weights/epoch94.pt,45EE4814BB66F5CFE290CA5F6D0BC5AFAEB8D76C12AB2A4B12F6EC80C31EA6EF,56076648448
96,formal,fdr_bpdd_ra_glgm-formal-seed0-1023444c2347-3b82a7c8eddc,0.57523,0.48721,0.48008,0.28599,0.2898504363461103,0.6246032118797302,0.4648393988609314,0.052287135273218155,1.0953484773635864,5.567112922668457,0.05433037504553795,0.5975854992866516,0.008488115854561329,0.03603579103946686,0.3076208829879761,0.5194067358970642,0.052273739129304886,0.17634175717830658,0.35782334208488464,0.03707369044423103,296523.0,5930460.0,0.006569833029061556,0.9987946152687073,0.3106819987297058,0.4152556359767914,0.2909581959247589,0.2937861680984497,0.9080930948257446,0.7942596673965454,0.917117178440094,5439919.0,0.16846653819084167,0.19029787182807922,117.66001892089844,274.6952819824219,5.157121658325195,0.0017850000000000012,128.0,0,16424.84,441.721,976D718B67EF23B9221FA47176789C54756EC27DFFA9F8B196A06E62764E8ABE,207043392,,,56076464128
97,formal,fdr_bpdd_ra_glgm-formal-seed0-1023444c2347-3b82a7c8eddc,0.57987,0.48844,0.48077,0.28655,0.2894779328919374,0.6168215274810791,0.4665904641151428,0.0522969588637352,1.0372916460037231,5.2976226806640625,0.05198712646961212,0.47146180272102356,0.006957583129405975,0.03998158127069473,0.3077065944671631,0.5230253338813782,0.05535605177283287,0.18673451244831085,0.35656994581222534,0.03648805245757103,294843.0,5896860.0,0.01146173756569624,0.9993303418159485,0.31015464663505554,0.40954408049583435,0.2949999272823334,0.2954559922218323,0.9064630270004272,0.7976989150047302,0.9157545566558838,5435913.0,0.16772225499153137,0.19010420143604279,126.41108703613281,258.81964111328125,5.598609447479248,0.001488000000000001,128.0,0,14068.71,583.306,07F61E7C74926B190C94E6D8E6B2934FB99103E3DCD23FF58865EBED1F7EE392,207043584,,,56076263424
98,formal,fdr_bpdd_ra_glgm-formal-seed0-1023444c2347-3b82a7c8eddc,0.57922,0.48581,0.48071,0.28623,0.288719154902655,0.6210677623748779,0.4644463360309601,0.052308376878499985,1.0196863412857056,5.1697468757629395,0.060527998954057693,0.6174444556236267,0.011896513402462006,0.04603934660553932,0.3055395185947418,0.5188242793083191,0.0518830232322216,0.17425018548965454,0.35755056142807007,0.03608338534832001,294720.0,5894400.0,0.01274571567773819,0.9987053275108337,0.30710914731025696,0.41076791286468506,0.29265883564949036,0.2965732514858246,0.9078275561332703,0.7955482602119446,0.9195296168327332,5433265.0,0.1682782620191574,0.19058173894882202,88.99860382080078,193.1645965576172,5.3534016609191895,0.0011910000000000009,128.0,0,15772.76,537.816,BB9BCA8CEE81F2B75AE8A69A68C9F3B16255E7F7E5B116730189AB2D988A0634,207043776,,,56076079104
99,formal,fdr_bpdd_ra_glgm-formal-seed0-1023444c2347-3b82a7c8eddc,0.57431,0.48857,0.48036,0.28599,0.2886486166251289,0.6185415983200073,0.4655258059501648,0.05120406299829483,1.0354499816894531,5.255329608917236,0.04247460514307022,0.5097870826721191,0.007816771045327187,0.039633769541978836,0.3056485652923584,0.5176704525947571,0.05138891562819481,0.17322662472724915,0.35789942741394043,0.03543400764465332,295281.0,5905620.0,0.0071041095070540905,0.9997990727424622,0.3086753189563751,0.415111780166626,0.2930940091609955,0.29179421067237854,0.9082880020141602,0.7968834042549133,0.917938768863678,5396944.0,0.16819411516189575,0.1901179999113083,91.85384368896484,230.83544921875,6.037468433380127,0.0008940000000000006,128.0,0,11356.91,440.571,C960DCFCC620D15EEB387A988EA88E3B77007B40532536D5A74C1320D2EF75F7,207043968,,,56075890688
100,formal,fdr_bpdd_ra_glgm-formal-seed0-1023444c2347-3b82a7c8eddc,0.57379,0.48786,0.47932,0.28555,0.2888139298340664,0.6169003844261169,0.4645877182483673,0.05098295211791992,1.083580493927002,5.466317653656006,0.0450223833322525,0.5615170001983643,0.006881086155772209,0.05290650948882103,0.30213335156440735,0.5162248015403748,0.050507720559835434,0.17010937631130219,0.35842353105545044,0.03507358953356743,296040.0,5920800.0,0.010854425840079784,0.9995982050895691,0.303766667842865,0.4156075716018677,0.2903335988521576,0.29405882954597473,0.9123672842979431,0.7962347269058228,0.9180450439453125,5436429.0,0.16910065710544586,0.1910412460565567,83.1048812866211,149.50584411621094,5.153622150421143,0.0005970000000000002,128.0,0,17577.35,441.728,F066B23B2B6679BD7FFBD95CA151859A947F38F658F7C03B057367D3A101F986,207044096,/home/ubuntu/fdr-bpdd-ra-glgm/runs/formal-seed0-fdr_bpdd_ra_glgm-v1.1/weights/epoch99.pt,F066B23B2B6679BD7FFBD95CA151859A947F38F658F7C03B057367D3A101F986,55868653568
