epoch,precision,recall,f1,ap50,ap75,map50_95,loss_bpdd,loss_ra_support,loss_ra_scale,fdr_gradient_norm,ra_glgm_gradient_norm,amp_skipped_steps,cuda_peak_mib,epoch_wall_seconds
1,0.30069,0.00485,0.009546026706814165,4e-05,1.824817518248175e-07,1e-05,0.00018096565327141434,0.05901450291275978,1.0880886316299438,41.9074821472168,0.04518949240446091,0,12045.82,699.057
2,0.01877,0.03136,0.023484029523239577,0.00396,0.00016704650349164333,0.00112,0.0005129975616000593,0.016994202509522438,1.052774429321289,65.6681900024414,0.10513350367546082,0,13490.06,527.045
3,0.15963,0.09919,0.12235298431342245,0.0244,0.008287114856560121,0.01072,0.013141642324626446,0.00965975970029831,0.9190234541893005,117.13919067382812,0.2033137083053589,0,10912.29,488.476
4,0.19547,0.14,0.1631490148150356,0.04888,0.02187865565476058,0.02384,0.04366658255457878,0.0081510404124856,0.7188211679458618,55.792057037353516,0.16329097747802734,0,13368.11,477.523
5,0.13491,0.17141,0.1509853950117524,0.07325,0.037227281205830125,0.03874,0.06301149725914001,0.008633207529783249,0.6149920225143433,124.74031066894531,0.18713723123073578,0,11877.78,466.925
6,0.1743,0.19555,0.18431453291875086,0.10414,0.05355768980667909,0.05636,0.03293854370713234,0.0072431741282343864,0.5563694834709167,94.63700866699219,0.24243994057178497,0,16001.7,483.274
7,0.20318,0.23311,0.21711838364390657,0.12854,0.06880003273159818,0.07104,0.04894161596894264,0.009533005766570568,0.5222761631011963,150.10830688476562,0.1893826425075531,0,16139.5,614.843
8,0.23186,0.24699,0.2391859722251227,0.15719,0.08004379816080995,0.0854,0.0411420539021492,0.007295586634427309,0.49239423871040344,116.70939636230469,0.11909829080104828,0,11020.54,467.361
9,0.25703,0.24898,0.25294096717456177,0.17048,0.09375303553979893,0.09587,0.06286527961492538,0.008859828114509583,0.4665379822254181,118.92173767089844,0.25133681297302246,0,13923.55,602.0
10,0.27188,0.27465,0.27325798034874577,0.19495,0.10789430848128563,0.10971,0.03963010758161545,0.006398036610335112,0.4527837038040161,127.85067749023438,0.20222263038158417,0,15028.31,497.078
11,0.29336,0.284,0.28860412913953165,0.20968,0.11452227256416256,0.11796,0.04189804196357727,0.009260620921850204,0.4380830228328705,130.1551055908203,0.2900928556919098,0,12117.66,569.019
12,0.30427,0.30038,0.302312486893244,0.22086,0.12244209166599189,0.12511,0.06117953360080719,0.005713342688977718,0.42759284377098083,113.59014129638672,0.1657497137784958,0,10763.83,488.226
13,0.32123,0.30288,0.3117852378587109,0.2335,0.1299452888086521,0.13224,0.07867040485143661,0.009690790437161922,0.41701164841651917,133.263671875,0.16499678790569305,0,11985.62,457.186
14,0.3555,0.31415,0.33354834615097434,0.25399,0.1421299217520265,0.14457,0.05167790874838829,0.007983160205185413,0.4066965878009796,136.1488494873047,0.23343093693256378,0,11615.29,489.738
15,0.35424,0.32114,0.33687889365986556,0.26444,0.1522367566957588,0.15357,0.04376555234193802,0.006590771023184061,0.401214599609375,126.48238372802734,0.20739895105361938,0,16034.39,475.776
16,0.38083,0.32851,0.35274047226999744,0.27754,0.16078910111445138,0.16154,0.05723011866211891,0.015330588445067406,0.39467066526412964,136.7378692626953,0.2746056914329529,0,13281.68,492.898
17,0.39131,0.34542,0.3669357843443324,0.29202,0.16642270554342378,0.16825,0.09282045066356659,0.011116965673863888,0.3883734345436096,158.11666870117188,0.37309592962265015,0,12040.15,463.112
18,0.39905,0.34749,0.37148949687893484,0.30348,0.17576445917070466,0.17577,0.0830112025141716,0.01177981123328209,0.3865912854671478,106.02281951904297,0.4016032814979553,0,10504.26,473.821
19,0.41837,0.35255,0.3826501932755668,0.31157,0.1782947392685869,0.1808,0.10372360050678253,0.011241260915994644,0.3812989294528961,135.3046875,0.44031181931495667,0,9491.06,457.315
20,0.42004,0.35779,0.3864240556419783,0.31484,0.18267894451210384,0.18341,0.07007812708616257,0.01698159985244274,0.3780527412891388,116.19507598876953,0.5011268258094788,0,11018.41,462.763
21,0.41374,0.37509,0.39346814041048134,0.33244,0.1897848117605607,0.19209,0.046763308346271515,0.016417600214481354,0.37814193964004517,84.40541076660156,0.5307720899581909,0,14807.53,463.248
22,0.41954,0.37206,0.3943760798383022,0.32987,0.19123997572260212,0.19341,0.06309650838375092,0.012016737833619118,0.36692216992378235,138.8819580078125,0.5942304730415344,0,13327.31,494.701
23,0.43675,0.37837,0.40546937260771415,0.33983,0.1997397118167009,0.19946,0.09262062609195709,0.010170062072575092,0.36797279119491577,123.90451049804688,0.7177187204360962,0,11189.55,460.092
24,0.44715,0.38334,0.4127936061843009,0.34793,0.2012309672499828,0.20318,0.06905408203601837,0.013903304934501648,0.36744430661201477,144.50289916992188,0.9332849383354187,0,11830.84,460.455
25,0.45329,0.39658,0.4230429317425018,0.36196,0.2098314052114676,0.21098,0.1110234409570694,0.02101270668208599,0.36432069540023804,133.8747100830078,0.9951213002204895,0,13787.13,477.695
26,0.45886,0.39591,0.425067006563169,0.36046,0.21171243360457948,0.21186,0.03952641040086746,0.015993908047676086,0.3589799404144287,125.29781341552734,0.9951851963996887,0,9899.09,496.599
27,0.46006,0.39422,0.42460283092194595,0.36674,0.21500902811275338,0.21484,0.0829966813325882,0.021287374198436737,0.35691553354263306,150.1412811279297,1.289773941040039,0,11731.91,622.045
28,0.46937,0.3993,0.43150895276687345,0.37667,0.22215881467803156,0.22215,0.12039210647344589,0.02754732221364975,0.3586271405220032,163.97267150878906,1.204405426979065,0,11793.9,486.032
29,0.47236,0.39923,0.43272704551451946,0.3734,0.22174515827085356,0.21998,0.07420682907104492,0.013033864088356495,0.3592120110988617,172.18370056152344,1.2269376516342163,0,13390.58,511.761
30,0.48773,0.40714,0.4438061220065484,0.38913,0.22833261874611396,0.22849,0.033221255987882614,0.020135441794991493,0.356739342212677,137.31214904785156,1.121566891670227,0,10649.4,596.11
31,0.48634,0.41364,0.44705366252583395,0.38322,0.22802115939355666,0.22595,0.07246755808591843,0.021560033783316612,0.35721635818481445,64.0840072631836,1.3295551538467407,0,15684.0,486.851
32,0.49572,0.41818,0.4536605527957107,0.39778,0.2339075363661413,0.23429,0.04722384363412857,0.0344911552965641,0.3532692492008209,149.48463439941406,1.2451481819152832,0,12964.02,594.554
33,0.48856,0.42319,0.45353157422539075,0.39716,0.23490176546075703,0.23496,0.049118779599666595,0.02748185396194458,0.3518964350223541,105.40984344482422,1.2665601968765259,0,13284.51,485.037
34,0.49214,0.4135,0.44940570204496266,0.39384,0.23438018003203537,0.23288,0.06745645403862,0.03168695420026779,0.35053321719169617,171.61412048339844,1.652005910873413,0,17748.4,623.377
35,0.4973,0.42659,0.45923910205760426,0.40304,0.2366017589300768,0.23735,0.0718403160572052,0.023840472102165222,0.35405418276786804,163.13185119628906,1.50928795337677,0,10651.29,488.599
36,0.49327,0.42624,0.4573118395667257,0.40112,0.23851586305281125,0.23667,0.07764828950166702,0.027615001425147057,0.3516475260257721,135.5555877685547,1.2394062280654907,0,17354.11,483.487
37,0.49137,0.42978,0.4585159824132877,0.40723,0.24346513952932333,0.24158,0.03915446996688843,0.019672701135277748,0.350490927696228,162.08958435058594,1.4328644275665283,0,17290.1,477.593
38,0.51076,0.42573,0.46438478745101386,0.40893,0.24332917739898274,0.24243,0.045239463448524475,0.026529429480433464,0.34693819284439087,187.59893798828125,2.0172386169433594,0,17323.57,529.48
39,0.51291,0.43056,0.4681410741200038,0.41547,0.25104229199758743,0.24753,0.08631841838359833,0.030896728858351707,0.3471232056617737,58.37386703491211,1.8286620378494263,0,12049.48,483.137
40,0.51115,0.43695,0.4711464877122667,0.41632,0.24819095240084926,0.24682,0.05841219425201416,0.0310171227902174,0.34654200077056885,170.21981811523438,2.237333297729492,0,11108.37,491.076
41,0.51412,0.43888,0.4735298753410283,0.4233,0.2523500692864319,0.25105,0.05510014295578003,0.02578621357679367,0.3478487730026245,108.64570617675781,2.262448310852051,0,10167.91,512.709
42,0.52201,0.43941,0.47716172765284687,0.42355,0.2527022868230747,0.25119,0.059267040342092514,0.029107503592967987,0.3469826579093933,190.39527893066406,1.5685731172561646,0,15340.86,459.96
43,0.51801,0.4427,0.4774032267801938,0.42517,0.25381517863785347,0.25269,0.08417770266532898,0.03761136159300804,0.34408098459243774,165.36146545410156,1.9417668581008911,0,11789.15,461.439
44,0.53079,0.43975,0.4810000669730253,0.42717,0.2587843331725135,0.25417,0.08510230481624603,0.03942658379673958,0.339185893535614,176.8566131591797,2.0064122676849365,0,11922.51,640.663
45,0.53437,0.4424,0.4840551777798254,0.43052,0.2590364197879349,0.2566,0.044189147651195526,0.03154843673110008,0.3433593511581421,168.60723876953125,1.7328749895095825,0,11682.75,463.403
46,0.52848,0.44971,0.48592347253601037,0.43325,0.26009336002206795,0.25871,0.056454114615917206,0.03402908518910408,0.33878782391548157,165.16229248046875,2.0764496326446533,0,11683.17,583.452
47,0.52806,0.44898,0.48531969786293294,0.43764,0.263082270398686,0.26001,0.0637248232960701,0.04373989999294281,0.3367760479450226,150.40757751464844,3.544529914855957,0,11347.18,505.705
48,0.53172,0.44962,0.4872357111704404,0.43502,0.2632319823195083,0.26012,0.10720597952604294,0.03524508699774742,0.33671844005584717,171.80958557128906,1.4592866897583008,0,14898.04,596.583
49,0.54384,0.44614,0.4901690490716984,0.44222,0.26470439652046573,0.26317,0.06263794749975204,0.03161098062992096,0.33725932240486145,155.08909606933594,2.2616238594055176,0,14640.77,584.663
50,0.54038,0.45444,0.4936979296757202,0.44037,0.2669372510746497,0.26438,0.09218736737966537,0.04917797073721886,0.3392682671546936,164.6970672607422,1.9451210498809814,0,15893.38,614.553
51,0.53712,0.45765,0.49421065773998013,0.4468,0.26952370078676935,0.26722,0.03767462447285652,0.026387205347418785,0.3381444811820984,194.93124389648438,2.0973026752471924,0,16450.96,483.311
52,0.54649,0.45356,0.49570722343882806,0.44835,0.2711467836161698,0.26826,0.06644485890865326,0.032480739057064056,0.3358202278614044,167.63937377929688,2.5429131984710693,0,11543.64,589.219
53,0.53983,0.45216,0.4921209544451053,0.4425,0.2684157441251108,0.26566,0.05257878825068474,0.046353235840797424,0.33554694056510925,181.28561401367188,2.146544933319092,0,10331.61,493.741
54,0.5393,0.46222,0.4977938453550603,0.44885,0.2695930795814541,0.26864,0.04379423335194588,0.0403343103826046,0.333390474319458,203.00962829589844,2.517455577850342,0,12797.56,603.31
55,0.54083,0.46839,0.5020101934166981,0.45194,0.2744732085904509,0.27071,0.040298812091350555,0.03753403201699257,0.3343355059623718,235.1003875732422,2.3814170360565186,0,11114.15,546.382
56,0.5461,0.46169,0.5003600134948749,0.45154,0.27436931955202737,0.26998,0.0758185014128685,0.03340902552008629,0.3337043523788452,221.7255096435547,2.4543373584747314,0,10492.53,587.19
57,0.54372,0.46948,0.503880113699171,0.4537,0.276543584326343,0.27323,0.050782714039087296,0.034954983741045,0.3310405910015106,222.17349243164062,2.544801950454712,0,13275.79,581.624
58,0.54539,0.47218,0.506151419951453,0.4589,0.2798469686609303,0.2759,0.06858410686254501,0.03098413720726967,0.33431893587112427,201.8814239501953,2.718243360519409,0,14167.82,591.091
59,0.54362,0.47136,0.5049177780842973,0.45663,0.27819287120571456,0.2742,0.07041703909635544,0.050477635115385056,0.32762473821640015,230.11016845703125,2.7600443363189697,0,10149.31,567.255
60,0.5405,0.47054,0.5030995212850135,0.45808,0.2799249318846607,0.27515,0.05247625336050987,0.05369437485933304,0.33274737000465393,203.49224853515625,2.8136634826660156,0,14366.28,558.516
61,0.5447,0.46873,0.5038675211904127,0.45699,0.2816506447685652,0.27488,0.04937335476279259,0.04248668625950813,0.33081525564193726,263.56402587890625,2.9014694690704346,0,13529.87,475.053
62,0.54901,0.47411,0.5088183812260535,0.45991,0.28117224631934157,0.27702,0.03864379599690437,0.033234477043151855,0.33126258850097656,187.4855194091797,2.852801561355591,0,10690.23,583.36
63,0.55391,0.47722,0.5127131015487862,0.46083,0.278073409923429,0.27584,0.07492725551128387,0.047628313302993774,0.3299557566642761,234.40533447265625,2.877228021621704,0,12755.03,562.613
64,0.56313,0.46968,0.5121772608708282,0.46219,0.28197379867251515,0.27778,0.04907428100705147,0.0511980876326561,0.32998815178871155,239.41038513183594,3.3656210899353027,0,15490.05,604.816
65,0.55912,0.48084,0.517033848994192,0.46629,0.2831697019310745,0.27962,0.05405328795313835,0.02821536920964718,0.329277902841568,202.44244384765625,2.7255494594573975,0,13299.52,589.469
66,0.55943,0.48,0.5166801035182745,0.46758,0.2831907551896979,0.28059,0.03027379885315895,0.05094551295042038,0.3265746533870697,191.3316650390625,3.219118356704712,0,11966.83,481.598
67,0.55933,0.47686,0.5148131207597063,0.46622,0.28285997086861076,0.2798,0.07941155880689621,0.0585826076567173,0.3270891308784485,194.58453369140625,4.250041484832764,0,14744.34,467.575
68,0.56575,0.47258,0.5149848988279256,0.46727,0.2862678019812835,0.28111,0.09390522539615631,0.05649435892701149,0.3239830434322357,169.8172149658203,3.1886136531829834,0,14282.16,458.053
69,0.56011,0.4811,0.5176072473372327,0.47085,0.28832869141295536,0.2832,0.037060633301734924,0.03623301908373833,0.32659560441970825,241.73414611816406,2.8906121253967285,0,10958.73,463.908
70,0.55239,0.48608,0.5171179354242299,0.46639,0.28476990240395483,0.28016,0.04855235293507576,0.03661566600203514,0.32303574681282043,173.00155639648438,3.5445609092712402,0,11896.22,461.462
71,0.56449,0.48158,0.5197493364688788,0.47089,0.285741199560036,0.28194,0.023006780073046684,0.04323965311050415,0.32340264320373535,264.89874267578125,2.8724355697631836,0,12299.3,461.816
72,0.56994,0.47478,0.5180260992419021,0.47085,0.286228894997808,0.28208,0.09698615968227386,0.05966213718056679,0.322521835565567,143.228271484375,3.486910820007324,0,18138.15,460.661
73,0.56801,0.4783,0.5193091588534946,0.47258,0.2836755925836098,0.28184,0.07840162515640259,0.0570344552397728,0.3226456642150879,276.7823486328125,3.2390599250793457,0,10718.05,460.97
74,0.56954,0.48058,0.5212919155905992,0.47147,0.28766079039546233,0.28282,0.030277805402874947,0.03862793743610382,0.3206622302532196,267.8905029296875,3.546377658843994,0,14263.09,460.526
75,0.56343,0.48027,0.5185369859154929,0.47215,0.28600943853257627,0.28275,0.07642709463834763,0.05298968404531479,0.32084718346595764,276.0543518066406,4.26361083984375,0,15167.31,458.236
76,0.56489,0.48362,0.5211053815414254,0.47148,0.2872912966273643,0.28306,0.02358492836356163,0.037418533116579056,0.3245662450790405,295.4800720214844,3.3038077354431152,0,10725.86,453.908
77,0.56776,0.48317,0.522060649519949,0.47181,0.28643359906329957,0.28244,0.04816826805472374,0.06366004049777985,0.32060641050338745,216.97743225097656,3.742946147918701,0,12711.53,456.879
78,0.56835,0.48147,0.5213150340058297,0.47366,0.28966675800573816,0.28457,0.09610408544540405,0.04363613203167915,0.3175342381000519,217.90878295898438,3.7216310501098633,0,13647.68,457.832
79,0.56558,0.48524,0.5223388195885119,0.47479,0.28759408913813017,0.28427,0.026439296081662178,0.054322391748428345,0.32182037830352783,208.33860778808594,4.0712571144104,0,11933.06,453.705
80,0.56076,0.48959,0.5227638185366782,0.47447,0.2909410844610044,0.28537,0.02564665675163269,0.061706386506557465,0.31741198897361755,314.45074462890625,3.8920793533325195,0,13383.42,456.712
81,0.5606,0.49112,0.523564964058875,0.47814,0.28913519198176185,0.28619,0.027250638231635094,0.0466739721596241,0.32020777463912964,311.2066650390625,4.9718475341796875,0,12602.95,459.43
82,0.57705,0.48355,0.5261786300207429,0.47714,0.2913612707126014,0.28572,0.03522936999797821,0.0690530315041542,0.31954631209373474,128.98358154296875,3.4763097763061523,0,11529.56,589.233
83,0.57172,0.48944,0.5273900953673337,0.47741,0.29297217863178593,0.28669,0.016174286603927612,0.03285800665616989,0.31917136907577515,291.4677734375,3.732898235321045,0,16475.59,504.351
84,0.57668,0.4861,0.5275299648092737,0.47705,0.29115475860990364,0.28586,0.027685996145009995,0.0497872531414032,0.31788530945777893,200.67466735839844,3.9275333881378174,0,11425.33,616.543
85,0.57098,0.48924,0.5269590371809624,0.4783,0.2902104073938563,0.28634,0.01786784827709198,0.05147697031497955,0.31532928347587585,313.6468811035156,3.965550661087036,0,10461.59,451.491
86,0.5751,0.48862,0.5283446057233107,0.47905,0.28938255935184315,0.28597,0.024798156693577766,0.045878808945417404,0.3153369426727295,236.99375915527344,3.9962570667266846,0,12671.69,469.077
87,0.574,0.49063,0.5290506936682227,0.48002,0.2905628108333029,0.28696,0.02368246763944626,0.055657435208559036,0.3138085603713989,311.1083068847656,4.026448726654053,0,9926.43,611.87
88,0.57357,0.48978,0.5283737520101566,0.4808,0.2914750970404791,0.28723,0.02659629099071026,0.05794213339686394,0.315245658159256,361.1211242675781,4.795912265777588,0,14808.27,638.195
89,0.58249,0.48487,0.5292158714960276,0.48057,0.291376710213166,0.28733,0.014916294254362583,0.04466942325234413,0.3157386779785156,224.33702087402344,4.558221817016602,0,11084.75,601.656
90,0.57631,0.48702,0.527916067824664,0.47963,0.292674625811521,0.28698,0.016695348545908928,0.07049722969532013,0.3158096969127655,287.09381103515625,4.33439826965332,0,15749.68,468.276
91,0.57582,0.48683,0.5275988342351667,0.48001,0.2921752574889624,0.28686,0.011779958382248878,0.04963883012533188,0.3117083013057709,223.134765625,4.935850143432617,0,17335.21,457.868
92,0.58049,0.48338,0.5275029020463027,0.48003,0.2902054079471333,0.28659,0.013122467324137688,0.05483749136328697,0.3088303506374359,245.23342895507812,5.249056816101074,0,13154.41,453.847
93,0.57505,0.48418,0.5257171889013718,0.4781,0.2882758362836088,0.28541,0.011974355205893517,0.025536326691508293,0.30976545810699463,256.1990966796875,5.165312767028809,0,17176.55,453.241
94,0.57297,0.48546,0.5255973776253507,0.47819,0.28789234576232825,0.28523,0.008572381921112537,0.04707686975598335,0.30635303258895874,293.7516784667969,5.013722896575928,0,15509.88,439.093
95,0.57414,0.48538,0.5260421194503171,0.47956,0.2888402984834516,0.28572,0.012916290201246738,0.04586389660835266,0.30888497829437256,230.0625,4.993274211883545,0,16446.09,439.333
96,0.57523,0.48721,0.5275739021497685,0.48008,0.2898504363461103,0.28599,0.008488115854561329,0.03603579103946686,0.3076208829879761,274.6952819824219,5.157121658325195,0,16424.84,441.721
97,0.57987,0.48844,0.5302425378401401,0.48077,0.2894779328919374,0.28655,0.006957583129405975,0.03998158127069473,0.3077065944671631,258.81964111328125,5.598609447479248,0,14068.71,583.306
98,0.57922,0.48581,0.5284186702721989,0.48071,0.288719154902655,0.28623,0.011896513402462006,0.04603934660553932,0.3055395185947418,193.1645965576172,5.3534016609191895,0,15772.76,537.816
99,0.57431,0.48857,0.5279817791284058,0.48036,0.2886486166251289,0.28599,0.007816771045327187,0.039633769541978836,0.3056485652923584,230.83544921875,6.037468433380127,0,11356.91,440.571
100,0.57379,0.48786,0.5273474109169689,0.47932,0.2888139298340664,0.28555,0.006881086155772209,0.05290650948882103,0.30213335156440735,149.50584411621094,5.153622150421143,0,17577.35,441.728
